{"mdsDat": {"x": [-0.0006054773948806431, 0.0009009593891708556, -5.7156606359078704e-05, 0.00044963731873806656, -0.0003924171468730817, -0.0013689334545978079, 0.0006700739720420844, 0.000233300211842432, 0.0001700137109171732], "y": [0.0008204081774950565, -0.0004054830187559466, 0.001189799088697908, 3.8192339118707795e-05, -0.0005938821254050039, -0.00045982085159864414, 0.00038169339521769186, -0.0006370152555114428, -0.00033389174925832916], "topics": [1, 2, 3, 4, 5, 6, 7, 8, 9], "cluster": [1, 1, 1, 1, 1, 1, 1, 1, 1], "Freq": [28.455304154489713, 13.047200924350777, 12.98906143863505, 11.196262939714035, 10.094643577152057, 7.201758004849516, 6.8472422724909405, 6.1800664657797935, 3.9884602225381176]}, "tinfo": {"Term": ["tough", "explanation", "chalkboard", "deviate", "first", "embody", "conclude", "provoking", "belittling", "rival", "advice", "wherein", "gain", "law", "calm", "half", "lowercase", "although", "risk", "worker", "poppin", "hardcore", "wont", "various", "broken", "detailed", "brief", "depend", "satisfactorily", "enspired", "obeyed", "torture", "service", "beginning", "browse", "contributor", "machine", "shameful", "dangerous", "mustanswer", "fulfilled", "giving", "opportunity", "opposite", "constrained", "agreed", "acceptable", "concerned", "assumed", "sometimes", "fr3d", "remains", "anticipate", "endeavour", "crucial", "factor", "reluctance", "comfortable", "chase", "irrelevant", "base", "hateful", "price", "violent", "maximize", "whitespace", "fiction", "warns", "closedai", "question", "larger", "reality", "affair", "denies", "running", "biology", "small", "opinons", "master", "suffers", "cared", "process", "must", "text", "criticize", "seamlessly", "enjoys", "remembers", "crusade", "boundary", "calm", "proggraming", "adjust", "mission", "experience", "sadly", "illicit", "promoting", "opinion", "fundamental", "villain", "violated", "something", "get", "immerse", "digital", "problem", "loyal", "ominous", "supercede", "us", "base", "understand", "call", "incorporates", "recognises", "behalf", "detect", "belief", "generating", "sudden", "viral", "important", "explode", "governing", "ordinary", "fucking", "adapt", "scale", "pain", "censored", "contains", "clarifying", "effect", "inhumane", "replaced", "interesting", "general", "edgy", "politeness", "presenting", "united", "crude", "content", "size", "prefers", "cancel", "sponsored", "administrative", "situation", "profane", "mood", "involves", "mind", "firstly", "helper", "persona", "skill", "responsible", "4chan", "uncomforting", "conclude", "intriguing", "temperature", "dramatic", "explain", "hilarious", "help", "shit", "equally", "wrong", "event", "developer", "disgusting", "well", "detailed", "similar", "sleep", "townspeople", "stratagy", "metric", "strategy", "better", "user", "easiest", "speech", "burden", "storm", "rude", "indicating", "precede", "high", "malware", "paused", "switch", "answer", "sinister", "header", "affirmation", "hate", "potential", "prentending", "conversation", "dumb", "historical", "brief", "refer", "communicate", "existing", "context", "transcends", "twist", "random", "proper", "depicted", "boldly", "term2", "burp", "society", "former", "poppin", "acting", "ncaa", "unhinged", "decided", "untold", "effect", "substantially", "knowledgeable", "nonmoral", "harvard", "mere", "take", "release", "biased", "rely", "us", "fictional", "ensure", "exponential", "discussed", "potential", "discussing", "trained", "half", "agreeableness", "highly", "incorrect", "others", "asking", "omega", "term", "chill", "unleash", "cuss", "explicitly", "limitation", "although", "deviate", "reinforce", "final", "demonstrate", "rather", "friendly", "beta", "environment", "arch", "intentionally", "ready", "thank", "scale", "everything", "send", "confidant", "since", "violates", "decade", "person", "barred", "needed", "company", "realm", "inhabitant", "lazy", "engagement", "start", "east", "quickly", "way", "arch", "dude", "enspired", "generative", "fabricated", "illegal", "separated", "straight", "mere", "hold", "creativity", "conclude", "style", "profanity", "character", "backticks", "supposed", "answering", "formal", "tough", "recreate", "man", "desire", "anyways", "unmatched", "though", "chase", "type", "adhere", "marked", "destroyed", "heart", "cared", "cirumstances", "tough", "obey", "violate", "enabled", "cautionary", "easiest", "entire", "open", "generates", "mother", "list", "cater", "coding", "hint", "explanation", "useful", "sensitive", "instead", "found", "responce", "nraf", "safety", "imagined", "communicate", "letter", "present", "inappropriate", "cease", "quiestion", "livegpt", "briefly", "indicated", "chalkboard", "unproven", "aware", "bringing", "fame", "sent", "posse", "fails", "mark", "anyone", "reprehensible", "game", "puter", "revel", "superior", "true", "breath", "worker", "broke", "pattern", "rival", "brainwashed", "seem", "informal", "first", "mentor", "reddit", "poppin", "respectful", "mongo", "provoking", "immoral", "fulfil", "including", "prohibited", "spare", "delete", "slur", "harm", "enact", "separate", "afterward", "insert", "yell", "greek", "submit", "elated", "sens", "actively", "song", "outlined", "revolutionary", "avoidance", "profane", "disrespectful", "outside", "hardcore", "chalkboard", "addiction", "worked", "greeting"], "Freq": [5.0, 5.0, 5.0, 5.0, 5.0, 5.0, 5.0, 5.0, 5.0, 5.0, 5.0, 5.0, 5.0, 5.0, 5.0, 5.0, 5.0, 5.0, 5.0, 5.0, 5.0, 5.0, 5.0, 5.0, 5.0, 5.0, 5.0, 5.0, 5.0, 5.0, 2.1213497645869936, 2.048781678836596, 2.1616222919165904, 2.0696457378124586, 1.9952335874649545, 1.969008033801849, 1.8624773536524872, 1.9946775791433342, 1.940526008088568, 1.8640148323732109, 1.989605857558608, 1.9429846290198165, 1.9491280165905047, 1.9039969932082723, 1.9639329496623497, 1.9579652061292279, 1.8252558502862462, 1.9212006146174665, 1.9624633154291091, 1.907567432985422, 1.8882277981058693, 1.8628373448105622, 1.8811731581916364, 1.8366244501771913, 1.956490824759837, 2.013923655881255, 1.888259247882866, 1.8682437394938944, 2.057833874083466, 1.9143698812916627, 2.027931070079826, 1.9642543703392024, 1.9586501783162684, 1.9236695210103745, 1.9761938133522379, 1.9307376111437005, 1.9176317572190338, 1.9330027862768187, 1.9208661393162, 1.945822229653742, 1.922079823791996, 1.9192525086197298, 0.9563769425201137, 0.9045948629769188, 0.8763307004690707, 0.9098124408347336, 0.8902634381434453, 0.8683260309173831, 0.8785827931748807, 0.8834424051052698, 0.9271312985664586, 0.8851432647462476, 0.8756370791331317, 0.9061694777303931, 0.8674574624636322, 0.8631201524780225, 0.8620963173235489, 0.854796877833088, 0.8820918024725811, 0.9087716460581599, 0.8859444481774302, 0.8791203315716001, 0.8970573539248943, 0.8824979264713174, 0.85910561947131, 0.8609566669956973, 0.8899909051786837, 0.8512246553984695, 0.849592087711723, 0.862423719653928, 0.919733638376884, 0.847814501652047, 0.8980972417698048, 0.903863513283795, 0.8987534068280577, 0.8966088762174913, 0.8902658868589357, 0.9099013201377173, 0.8846771925645806, 0.8882413433073975, 0.905225089789607, 0.9125201760080851, 0.8858665427475699, 0.8824992868688121, 0.8850322563106842, 0.884131129010228, 0.8813530159398199, 0.9599986479857332, 0.9465366439750114, 0.9335022488080428, 0.8712480532508039, 0.8923396608330724, 0.9490949836261412, 0.9137246174722148, 0.9070029603814079, 0.8812167747098332, 0.9634125664804878, 0.9035507593381418, 0.9013117719843843, 0.8977142958926385, 0.9437266687986406, 0.966384159019679, 0.8766856197639376, 0.8632022172532221, 0.8966394049963371, 0.9149030698853627, 0.8815110266570021, 0.8203731646606092, 0.847834572985689, 0.8917864599492724, 0.8889669141357739, 0.9152406605666958, 0.8088354004467773, 0.878500248679004, 0.8770753975043267, 0.8230424695290053, 0.8244320176931446, 0.8815858762624649, 0.9193012290907919, 0.9086287046467422, 0.8932588934425008, 0.9199842655990255, 0.9004498729086939, 0.9043797029180614, 0.8972943616163934, 0.8849631374112388, 0.8923083305398329, 0.8884347505958494, 0.8852609106305586, 0.8816270480599208, 0.7942077482254091, 0.7857116078611913, 0.8056766465979263, 0.7629824653094248, 0.8102551313184605, 0.8512227205600964, 0.7865005401838903, 0.7594502089813185, 0.8033068922037406, 0.7520125936758981, 0.7683297251590525, 0.7717991750962723, 0.8172176127746082, 0.7837276419175945, 0.7863746939211099, 0.7348858278874227, 0.7446306246771492, 0.7713846684818207, 0.7256873766541082, 0.7425313191160876, 0.8018263891382674, 0.786259976919664, 0.7686839158466922, 0.7433976893061127, 0.7231120033197459, 0.7201046122954061, 0.7152036124771837, 0.7027514477571299, 0.7485456342027532, 0.7647305376089356, 0.7637102256082863, 0.7677288228740019, 0.7957965086511343, 0.785494314870664, 0.7786018777166204, 0.7607489081693305, 0.7614915334256384, 0.7736009480273962, 0.7605433670561561, 0.7584109071920987, 0.7667820573905617, 0.7609396621520605, 0.7659608951559034, 0.7023738817601681, 0.7107201895054978, 0.7073010416850204, 0.7059075461575539, 0.6824026678997348, 0.7125236852528638, 0.7133869100868884, 0.682228437102882, 0.7054256222297307, 0.674701357933169, 0.6887948260431502, 0.6494481371323036, 0.6807351605874474, 0.7250201663690583, 0.6836817170197639, 0.7026476830365754, 0.6784340229507217, 0.6327910273940438, 0.6426048594588977, 0.6746932182745162, 0.6857454011661352, 0.6556161739848823, 0.6485745272165497, 0.6601828031669921, 0.7037228898429287, 0.6998702350297182, 0.6639354664838211, 0.6334188336523772, 0.6548562386123831, 0.6685602661575101, 0.718082300248549, 0.6820026317447377, 0.6829857060354777, 0.710795902364863, 0.7112680727361971, 0.6789291387391201, 0.6948595734342035, 0.684285665657908, 0.7056103082777841, 0.6840384586110646, 0.6769524647369685, 0.5201102866589848, 0.5178477994705154, 0.5197764327578918, 0.5014821500802542, 0.5215826679663698, 0.5051720641896665, 0.4827187498576858, 0.5414821926881596, 0.5015846741152578, 0.49069229636515416, 0.48664119528672295, 0.5256131941530108, 0.48773231533893846, 0.49791989040895657, 0.46839967644350616, 0.5023502503199986, 0.4931969765620939, 0.5102716337198138, 0.47153617101826806, 0.4643388636156654, 0.45836258342877156, 0.4884907328830321, 0.4761746827542831, 0.5027008745100204, 0.47445320008060043, 0.48661000755537176, 0.48858014105027636, 0.46913181219151734, 0.5087354251933714, 0.4882135475403491, 0.5001731163930921, 0.49295618524941465, 0.49629352280681044, 0.4846081857234763, 0.49426732148026326, 0.4884378188669194, 0.48749342632768994, 0.49514182947219537, 0.4849982576379039, 0.5427904671033802, 0.5012807139716096, 0.49344427389255274, 0.46094773098946246, 0.46663605626538046, 0.47263927845562903, 0.4773325085399042, 0.5063517632375589, 0.47097088644564883, 0.44991196491471763, 0.4590802913833924, 0.47646744635460225, 0.4745478888342045, 0.4664492885066391, 0.46781948989263483, 0.4623315449083329, 0.4874112564380401, 0.4592412619644483, 0.4712751217957699, 0.4870814618915775, 0.43693998262549777, 0.46347171352725497, 0.46505562216012863, 0.44879778385855623, 0.4681870758765186, 0.46249836983045023, 0.4853833222136021, 0.48536656832698716, 0.4805804303260292, 0.42704643180923313, 0.429097783397917, 0.4777185142798106, 0.5066726096854886, 0.47121015288886825, 0.4819417788060296, 0.4681847912556166, 0.4743013401618599, 0.4701989225621048, 0.4683439531784584, 0.46421197829578326, 0.4773274880359982, 0.46132333866695907, 0.44221229275085217, 0.4332252197818627, 0.42289208129559896, 0.4187692992135691, 0.4004869251500255, 0.4000944551632438, 0.4243558964006324, 0.4501189563319739, 0.388623127940139, 0.4468499339387903, 0.41524544626416954, 0.43978899678386935, 0.4382756933442505, 0.44428109415446776, 0.4381372376998331, 0.39523055090389814, 0.39266037940223864, 0.38098108948145315, 0.41790024625466005, 0.39884749519101176, 0.4219789957473235, 0.39836047327330776, 0.4103197675038396, 0.41938416599561884, 0.40227116862977486, 0.409980995796773, 0.3936340366100327, 0.4023952760938524, 0.42932745497115093, 0.43508330913587623, 0.41905368530294024, 0.4125357881111221, 0.4126548694162183, 0.4199293538899102, 0.4100654524511089, 0.41652784710101354, 0.4348472085396249, 0.4274806207765656, 0.417802429468331, 0.4217980969826193, 0.420761892018613, 0.41714542027636087, 0.4199212347100173, 0.41885736439230187, 0.4196168728605922, 0.28134306767349837, 0.27826324496056853, 0.2896066084821966, 0.2695554757603459, 0.2882210528375093, 0.28373801402396, 0.27825570391816107, 0.2578005432146786, 0.27349999542785697, 0.2758413504732685, 0.2805178780182944, 0.26194767294804877, 0.25752274452010987, 0.2865390676875995, 0.2633029812498444, 0.26721298401368904, 0.2577030918762146, 0.2597825065956496, 0.2587796588531406, 0.2585028859621346, 0.28099116160262405, 0.2732245255846199, 0.26202261205697286, 0.2599209346277835, 0.26918321996473965, 0.2717694925418698, 0.255432572725476, 0.26768626759801867, 0.2676931987031726, 0.25574425066203704, 0.2701097423772938, 0.27662007399952065, 0.2703619237072137, 0.27883076385057076, 0.27447802981391495, 0.2785314787300249, 0.2670267590804138, 0.26991958057629106, 0.2751891057538649, 0.27179142255857675, 0.2721502320101844, 0.2681725262111964, 0.2694843348970461, 0.26881171272849, 0.26912602448500955, 0.26868168519580266], "Total": [5.0, 5.0, 5.0, 5.0, 5.0, 5.0, 5.0, 5.0, 5.0, 5.0, 5.0, 5.0, 5.0, 5.0, 5.0, 5.0, 5.0, 5.0, 5.0, 5.0, 5.0, 5.0, 5.0, 5.0, 5.0, 5.0, 5.0, 5.0, 5.0, 5.0, 5.896672614468028, 5.742919902797605, 6.077628628817447, 5.895037617791324, 5.73369413510577, 5.670506960360478, 5.41195834027601, 5.830735113770433, 5.67344028749097, 5.453744053961923, 5.825145844137917, 5.693576436033622, 5.724834923998278, 5.611355054643022, 5.79164907623637, 5.774569704320436, 5.4023123653229135, 5.690829105979123, 5.841512865712294, 5.692693970854648, 5.644397806316838, 5.568996142549839, 5.64402034147487, 5.518426778107178, 5.883326813901107, 6.061188678954552, 5.687684487755701, 5.628421096501284, 6.2020989769561385, 5.770138044851753, 6.115322031151114, 5.921995369370715, 5.91306722753676, 5.8072519415042425, 6.0336708661508895, 5.861105491225031, 5.840560177515754, 5.954711768293451, 5.882991679520994, 6.112209931115896, 6.010832654482731, 6.04300254809695, 5.555903024814716, 5.270391331499634, 5.236352426244364, 5.439250916259836, 5.340854095970672, 5.229289067947897, 5.2917766190511175, 5.363925435155199, 5.666306412806599, 5.428838665049717, 5.382253111647077, 5.57089869201144, 5.3623370054082615, 5.34109240916619, 5.340512254697181, 5.296740310501522, 5.467413212033647, 5.635525831616646, 5.510817865834859, 5.470853117035552, 5.592153326357006, 5.502578237502925, 5.35957042372021, 5.373212596175716, 5.554920780222443, 5.31586301962158, 5.309407819170793, 5.401829919355492, 5.762796640056852, 5.319652729517475, 5.644485046247187, 5.6825904825148, 5.673407397535511, 5.708482012869433, 5.659586601883538, 5.871436456978785, 5.613498996127181, 5.6956235713120495, 5.9555081475098275, 6.115322031151114, 5.670431551707022, 5.64541960460783, 5.853327550754649, 5.93395768980077, 5.754880300523332, 5.275384222930175, 5.280427973304718, 5.4699506426217726, 5.15605932113683, 5.300649902316362, 5.6546031155498, 5.473316046508231, 5.439858253131697, 5.3020479956880955, 5.803299878079739, 5.455117952801028, 5.461176535827992, 5.445206749379539, 5.750290336950881, 5.898161447162293, 5.39989625373699, 5.3389936174297805, 5.563054856879522, 5.68638647999044, 5.494862266691357, 5.122237815921766, 5.303410947234351, 5.587469583007873, 5.571532844782317, 5.748774478245407, 5.094678059798303, 5.533780181834016, 5.532455060107624, 5.1996386754652235, 5.209137532003637, 5.572293496244671, 5.823549373823629, 5.755489644808061, 5.667054604176917, 5.900489814374152, 5.760204445561401, 5.802815059309879, 5.751538558963086, 5.620956525108259, 5.94132022573803, 5.882757464442149, 5.7533634153972715, 5.661057704456156, 5.328123900220276, 5.273270998643666, 5.421548563409538, 5.158119196444688, 5.485685938275257, 5.781779629418553, 5.421871703427393, 5.2562758130612615, 5.596268728286393, 5.248176135065792, 5.363248306671673, 5.410381587279808, 5.741771338572236, 5.5301606425453445, 5.564622267006854, 5.202754089819879, 5.280472666235197, 5.473518319170466, 5.152912924498043, 5.307663999952966, 5.735541389802071, 5.631436885171866, 5.515680757695785, 5.343102861020814, 5.2090557611376065, 5.189707181279928, 5.161680384517342, 5.07231909548664, 5.404373485712681, 5.522924245765275, 5.526106193540648, 5.621486298883353, 5.8805376806274365, 5.797300593176232, 5.7963181770705345, 5.6000277166270065, 5.684850766026833, 5.954933911690194, 5.732977976331822, 5.696320629363229, 6.017247606664886, 6.159853258180918, 5.523551837901319, 5.304914513380269, 5.40510795876806, 5.385298686158995, 5.375967712570374, 5.213981149899583, 5.448580984125938, 5.484093425976665, 5.262413971205184, 5.444707694422962, 5.283067584507171, 5.403524039507339, 5.104723130599335, 5.3542323260241895, 5.706687031023115, 5.406936362978336, 5.573216982805664, 5.4033000398229145, 5.054112106504518, 5.167281081268786, 5.427165587731534, 5.524504582242364, 5.287065604109259, 5.238265986154396, 5.3389936174297805, 5.70087588706371, 5.680385902215016, 5.397230946895253, 5.1605948401145785, 5.3371172732400245, 5.45772272601591, 5.883650469431791, 5.582877153000162, 5.620404143274912, 5.9555081475098275, 5.972219905884482, 5.587551437014036, 5.83893132938644, 5.684521610532972, 6.017247606664886, 5.865758384652009, 6.111777471006586, 5.193647688826777, 5.353531134827022, 5.40440323272411, 5.221666909820053, 5.455802482538191, 5.32950616751609, 5.111818853223885, 5.77213163723116, 5.399069503452545, 5.28729708078867, 5.263599405823329, 5.705495465740873, 5.2943852396991264, 5.407828994617042, 5.120615412475084, 5.493449743973168, 5.404449237382776, 5.614497397535071, 5.198732741879813, 5.1213388723602185, 5.083700657435198, 5.419556557537203, 5.286566381079781, 5.603455615433165, 5.298897167032236, 5.43529410586594, 5.461176535827992, 5.288279785481944, 5.74370488384543, 5.513180688462708, 5.667126143027819, 5.617285807289253, 5.672477834365481, 5.499094633218059, 5.707665317547044, 5.581964158992987, 5.5979876788646, 5.84033612129586, 5.863445614578941, 5.583435564223959, 5.206880611657034, 5.378329869774895, 5.0354716551589895, 5.132585118385097, 5.207537693825961, 5.286566381079781, 5.618031722670189, 5.296679189884386, 5.066007368000547, 5.172941724390388, 5.3810261079761705, 5.378331319492616, 5.313143375693411, 5.3371172732400245, 5.28812207334474, 5.595560609513733, 5.273270998643666, 5.423612356632105, 5.636800597767875, 5.057573946651969, 5.368967968389494, 5.4127493725413185, 5.237761921579895, 5.493788927698593, 5.433992954725189, 5.703534549730208, 5.713042085370117, 5.66524744949587, 5.041199564066161, 5.0654609487831355, 5.678561529998034, 6.2020989769561385, 5.610967273823971, 5.867430596836914, 5.607922103956334, 5.916831672304121, 5.759519771782642, 5.666306412806599, 5.690727778730343, 5.433992954725189, 5.465104693201273, 5.262549770458237, 5.180612377484704, 5.220289345414098, 5.2090557611376065, 4.985985223253783, 5.0445628544558465, 5.353588681113892, 5.710311740170528, 4.937753321010769, 5.6786119113585265, 5.284694081781324, 5.603847367400387, 5.652478064179442, 5.734989997714325, 5.659805517515368, 5.113627781537689, 5.1045671481197905, 4.961919523567244, 5.450736132098301, 5.2061593908005594, 5.519674898201626, 5.213981149899583, 5.373319313049305, 5.49576241503306, 5.279279148189895, 5.3875229918396235, 5.174369362184753, 5.297495080761462, 5.656094901342604, 5.73931533589718, 5.544707826396127, 5.443403264811934, 5.449486266993125, 5.594417159215504, 5.423116588424444, 5.563838346601382, 5.979845359451569, 5.872196358599519, 5.626907971602471, 5.786533475003361, 5.772461975592394, 5.696824666971035, 5.840996606248005, 5.888865764551277, 5.948004775022886, 5.172703420262846, 5.229778321716637, 5.477800854338633, 5.1277017374880725, 5.496688440463392, 5.474681155130172, 5.38286435301823, 4.989541888088791, 5.301204374083031, 5.391553472240372, 5.484092912109609, 5.128725586601615, 5.054112106504518, 5.633417355909839, 5.2004492409959076, 5.2886266382513005, 5.110602440655853, 5.166723987478636, 5.1513005457047845, 5.150103606476634, 5.6046810440877755, 5.488037168801318, 5.266015830154655, 5.225168254301704, 5.417573337922586, 5.471166061203427, 5.145827100174056, 5.3955318474289955, 5.400193458471607, 5.1656330927968055, 5.457158664875275, 5.608250782603628, 5.4706023355135684, 5.695789693376008, 5.613530523190661, 5.744686707233472, 5.398690755969289, 5.492150011251242, 5.667054604176917, 5.6114323341551975, 5.634045456250301, 5.457369868141887, 5.544707826396127, 5.56385096428228, 5.6771030579828, 5.634152539373747], "Category": ["Default", "Default", "Default", "Default", "Default", "Default", "Default", "Default", "Default", "Default", "Default", "Default", "Default", "Default", "Default", "Default", "Default", "Default", "Default", "Default", "Default", "Default", "Default", "Default", "Default", "Default", "Default", "Default", "Default", "Default", "Topic1", "Topic1", "Topic1", "Topic1", "Topic1", "Topic1", "Topic1", "Topic1", "Topic1", "Topic1", "Topic1", "Topic1", "Topic1", "Topic1", "Topic1", "Topic1", "Topic1", "Topic1", "Topic1", "Topic1", "Topic1", "Topic1", "Topic1", "Topic1", "Topic1", "Topic1", "Topic1", "Topic1", "Topic1", "Topic1", "Topic1", "Topic1", "Topic1", "Topic1", "Topic1", "Topic1", "Topic1", "Topic1", "Topic1", "Topic1", "Topic1", "Topic1", "Topic2", "Topic2", "Topic2", "Topic2", "Topic2", "Topic2", "Topic2", "Topic2", "Topic2", "Topic2", "Topic2", "Topic2", "Topic2", "Topic2", "Topic2", "Topic2", "Topic2", "Topic2", "Topic2", "Topic2", "Topic2", "Topic2", "Topic2", "Topic2", "Topic2", "Topic2", "Topic2", "Topic2", "Topic2", "Topic2", "Topic2", "Topic2", "Topic2", "Topic2", "Topic2", "Topic2", "Topic2", "Topic2", "Topic2", "Topic2", "Topic2", "Topic2", "Topic2", "Topic2", "Topic2", "Topic3", "Topic3", "Topic3", "Topic3", "Topic3", "Topic3", "Topic3", "Topic3", "Topic3", "Topic3", "Topic3", "Topic3", "Topic3", "Topic3", "Topic3", "Topic3", "Topic3", "Topic3", "Topic3", "Topic3", "Topic3", "Topic3", "Topic3", "Topic3", "Topic3", "Topic3", "Topic3", "Topic3", "Topic3", "Topic3", "Topic3", "Topic3", "Topic3", "Topic3", "Topic3", "Topic3", "Topic3", "Topic3", "Topic3", "Topic3", "Topic3", "Topic3", "Topic3", "Topic4", "Topic4", "Topic4", "Topic4", "Topic4", "Topic4", "Topic4", "Topic4", "Topic4", "Topic4", "Topic4", "Topic4", "Topic4", "Topic4", "Topic4", "Topic4", "Topic4", "Topic4", "Topic4", "Topic4", "Topic4", "Topic4", "Topic4", "Topic4", "Topic4", "Topic4", "Topic4", "Topic4", "Topic4", "Topic4", "Topic4", "Topic4", "Topic4", "Topic4", "Topic4", "Topic4", "Topic4", "Topic4", "Topic4", "Topic4", "Topic4", "Topic4", "Topic5", "Topic5", "Topic5", "Topic5", "Topic5", "Topic5", "Topic5", "Topic5", "Topic5", "Topic5", "Topic5", "Topic5", "Topic5", "Topic5", "Topic5", "Topic5", "Topic5", "Topic5", "Topic5", "Topic5", "Topic5", "Topic5", "Topic5", "Topic5", "Topic5", "Topic5", "Topic5", "Topic5", "Topic5", "Topic5", "Topic5", "Topic5", "Topic5", "Topic5", "Topic5", "Topic5", "Topic5", "Topic5", "Topic5", "Topic5", "Topic5", "Topic5", "Topic6", "Topic6", "Topic6", "Topic6", "Topic6", "Topic6", "Topic6", "Topic6", "Topic6", "Topic6", "Topic6", "Topic6", "Topic6", "Topic6", "Topic6", "Topic6", "Topic6", "Topic6", "Topic6", "Topic6", "Topic6", "Topic6", "Topic6", "Topic6", "Topic6", "Topic6", "Topic6", "Topic6", "Topic6", "Topic6", "Topic6", "Topic6", "Topic6", "Topic6", "Topic6", "Topic6", "Topic6", "Topic6", "Topic6", "Topic7", "Topic7", "Topic7", "Topic7", "Topic7", "Topic7", "Topic7", "Topic7", "Topic7", "Topic7", "Topic7", "Topic7", "Topic7", "Topic7", "Topic7", "Topic7", "Topic7", "Topic7", "Topic7", "Topic7", "Topic7", "Topic7", "Topic7", "Topic7", "Topic7", "Topic7", "Topic7", "Topic7", "Topic7", "Topic7", "Topic7", "Topic7", "Topic7", "Topic7", "Topic7", "Topic7", "Topic7", "Topic7", "Topic7", "Topic7", "Topic8", "Topic8", "Topic8", "Topic8", "Topic8", "Topic8", "Topic8", "Topic8", "Topic8", "Topic8", "Topic8", "Topic8", "Topic8", "Topic8", "Topic8", "Topic8", "Topic8", "Topic8", "Topic8", "Topic8", "Topic8", "Topic8", "Topic8", "Topic8", "Topic8", "Topic8", "Topic8", "Topic8", "Topic8", "Topic8", "Topic8", "Topic8", "Topic8", "Topic8", "Topic8", "Topic8", "Topic8", "Topic8", "Topic8", "Topic8", "Topic8", "Topic8", "Topic8", "Topic8", "Topic8", "Topic8", "Topic8", "Topic9", "Topic9", "Topic9", "Topic9", "Topic9", "Topic9", "Topic9", "Topic9", "Topic9", "Topic9", "Topic9", "Topic9", "Topic9", "Topic9", "Topic9", "Topic9", "Topic9", "Topic9", "Topic9", "Topic9", "Topic9", "Topic9", "Topic9", "Topic9", "Topic9", "Topic9", "Topic9", "Topic9", "Topic9", "Topic9", "Topic9", "Topic9", "Topic9", "Topic9", "Topic9", "Topic9", "Topic9", "Topic9", "Topic9", "Topic9", "Topic9", "Topic9", "Topic9", "Topic9", "Topic9", "Topic9"], "logprob": [30.0, 29.0, 28.0, 27.0, 26.0, 25.0, 24.0, 23.0, 22.0, 21.0, 20.0, 19.0, 18.0, 17.0, 16.0, 15.0, 14.0, 13.0, 12.0, 11.0, 10.0, 9.0, 8.0, 7.0, 6.0, 5.0, 4.0, 3.0, 2.0, 1.0, -7.3789, -7.4137, -7.3601, -7.4036, -7.4402, -7.4535, -7.5091, -7.4405, -7.468, -7.5082, -7.443, -7.4668, -7.4636, -7.487, -7.456, -7.4591, -7.5293, -7.478, -7.4568, -7.4852, -7.4953, -7.5089, -7.4991, -7.5231, -7.4598, -7.4309, -7.4953, -7.506, -7.4093, -7.4816, -7.424, -7.4559, -7.4587, -7.4767, -7.4498, -7.4731, -7.4799, -7.4719, -7.4782, -7.4653, -7.4776, -7.479, -7.3958, -7.4515, -7.4832, -7.4457, -7.4675, -7.4924, -7.4807, -7.4751, -7.4269, -7.4732, -7.484, -7.4497, -7.4934, -7.4984, -7.4996, -7.5081, -7.4767, -7.4469, -7.4723, -7.4801, -7.4599, -7.4762, -7.5031, -7.5009, -7.4678, -7.5123, -7.5142, -7.4992, -7.4349, -7.5163, -7.4587, -7.4523, -7.458, -7.4604, -7.4675, -7.4456, -7.4738, -7.4697, -7.4508, -7.4428, -7.4724, -7.4762, -7.4734, -7.4744, -7.4775, -7.3876, -7.4017, -7.4156, -7.4846, -7.4607, -7.399, -7.437, -7.4444, -7.4732, -7.384, -7.4482, -7.4507, -7.4547, -7.4047, -7.3809, -7.4784, -7.4939, -7.4559, -7.4357, -7.4729, -7.5448, -7.5118, -7.4613, -7.4644, -7.4353, -7.5589, -7.4763, -7.4779, -7.5415, -7.5398, -7.4728, -7.4309, -7.4426, -7.4596, -7.4302, -7.4516, -7.4473, -7.4551, -7.469, -7.4607, -7.465, -7.4686, -7.4727, -7.4286, -7.4394, -7.4143, -7.4687, -7.4086, -7.3593, -7.4384, -7.4734, -7.4172, -7.4832, -7.4618, -7.4573, -7.4001, -7.4419, -7.4385, -7.5063, -7.4931, -7.4578, -7.5189, -7.4959, -7.4191, -7.4387, -7.4613, -7.4948, -7.5224, -7.5266, -7.5334, -7.551, -7.4878, -7.4665, -7.4678, -7.4625, -7.4266, -7.4397, -7.4485, -7.4717, -7.4707, -7.4549, -7.4719, -7.4748, -7.4638, -7.4714, -7.3613, -7.4479, -7.4361, -7.441, -7.4429, -7.4768, -7.4336, -7.4324, -7.477, -7.4436, -7.4881, -7.4675, -7.5263, -7.4792, -7.4162, -7.4749, -7.4476, -7.4826, -7.5523, -7.5369, -7.4881, -7.4719, -7.5168, -7.5276, -7.5099, -7.446, -7.4515, -7.5042, -7.5513, -7.518, -7.4973, -7.4258, -7.4774, -7.4759, -7.436, -7.4354, -7.4819, -7.4587, -7.474, -7.4433, -7.4744, -7.4848, -7.4107, -7.415, -7.4113, -7.4472, -7.4079, -7.4398, -7.4853, -7.3704, -7.447, -7.4689, -7.4772, -7.4002, -7.475, -7.4543, -7.5154, -7.4454, -7.4638, -7.4298, -7.5087, -7.5241, -7.5371, -7.4734, -7.4989, -7.4447, -7.5026, -7.4773, -7.4732, -7.5138, -7.4328, -7.474, -7.4498, -7.4643, -7.4576, -7.4814, -7.4617, -7.4735, -7.4755, -7.4599, -7.4806, -7.3175, -7.3971, -7.4128, -7.481, -7.4687, -7.4559, -7.446, -7.387, -7.4595, -7.5052, -7.485, -7.4478, -7.4519, -7.4691, -7.4662, -7.478, -7.4251, -7.4847, -7.4588, -7.4258, -7.5345, -7.4755, -7.4721, -7.5077, -7.4654, -7.4776, -7.4293, -7.4293, -7.4393, -7.5574, -7.5526, -7.4452, -7.3864, -7.4589, -7.4364, -7.4654, -7.4524, -7.4611, -7.465, -7.4739, -7.3435, -7.3776, -7.4199, -7.4405, -7.4646, -7.4744, -7.519, -7.52, -7.4612, -7.4022, -7.5491, -7.4095, -7.4829, -7.4254, -7.4289, -7.4153, -7.4292, -7.5323, -7.5388, -7.569, -7.4765, -7.5232, -7.4668, -7.5244, -7.4948, -7.4729, -7.5146, -7.4956, -7.5363, -7.5143, -7.4495, -7.4362, -7.4737, -7.4894, -7.4891, -7.4716, -7.4954, -7.4798, -7.4367, -7.4538, -7.4767, -7.4672, -7.4697, -7.4783, -7.4717, -7.4742, -7.4724, -7.4342, -7.4452, -7.4053, -7.477, -7.4101, -7.4258, -7.4453, -7.5216, -7.4625, -7.454, -7.4372, -7.5057, -7.5227, -7.4159, -7.5005, -7.4858, -7.522, -7.514, -7.5178, -7.5189, -7.4355, -7.4635, -7.5054, -7.5134, -7.4784, -7.4689, -7.5308, -7.484, -7.484, -7.5296, -7.475, -7.4512, -7.474, -7.4432, -7.4589, -7.4443, -7.4865, -7.4757, -7.4563, -7.4688, -7.4675, -7.4822, -7.4773, -7.4798, -7.4786, -7.4803], "loglift": [30.0, 29.0, 28.0, 27.0, 26.0, 25.0, 24.0, 23.0, 22.0, 21.0, 20.0, 19.0, 18.0, 17.0, 16.0, 15.0, 14.0, 13.0, 12.0, 11.0, 10.0, 9.0, 8.0, 7.0, 6.0, 5.0, 4.0, 3.0, 2.0, 1.0, 0.2345, 0.2261, 0.2231, 0.2101, 0.2012, 0.1991, 0.1901, 0.1842, 0.184, 0.1833, 0.1826, 0.1817, 0.1794, 0.176, 0.1754, 0.1753, 0.1717, 0.1709, 0.166, 0.1635, 0.1618, 0.1617, 0.1581, 0.1567, 0.1559, 0.155, 0.1542, 0.154, 0.1536, 0.1535, 0.1531, 0.1533, 0.1519, 0.152, 0.1407, 0.1464, 0.1431, 0.1317, 0.1375, 0.1122, 0.1167, 0.1099, 0.2771, 0.2742, 0.249, 0.2484, 0.245, 0.2411, 0.241, 0.233, 0.2264, 0.2229, 0.2207, 0.2205, 0.215, 0.214, 0.2129, 0.2126, 0.2123, 0.2118, 0.2088, 0.2083, 0.2066, 0.2064, 0.2058, 0.2055, 0.2054, 0.2048, 0.2041, 0.2019, 0.2015, 0.2001, 0.1984, 0.1981, 0.1941, 0.1855, 0.187, 0.1721, 0.1889, 0.1784, 0.1527, 0.1343, 0.1801, 0.1808, 0.1475, 0.1328, 0.1603, 0.3372, 0.3221, 0.273, 0.2631, 0.2593, 0.2563, 0.251, 0.2497, 0.2465, 0.2454, 0.2431, 0.2395, 0.2384, 0.2339, 0.2322, 0.2231, 0.2189, 0.2158, 0.2141, 0.2111, 0.2095, 0.2076, 0.206, 0.2057, 0.2035, 0.2007, 0.2007, 0.1993, 0.1977, 0.1976, 0.1972, 0.195, 0.1951, 0.1935, 0.1826, 0.1852, 0.1822, 0.1832, 0.1924, 0.1452, 0.1507, 0.1694, 0.1815, 0.2862, 0.2858, 0.2831, 0.2785, 0.277, 0.2738, 0.259, 0.255, 0.2485, 0.2467, 0.2465, 0.2422, 0.24, 0.2357, 0.2328, 0.2324, 0.2307, 0.2301, 0.2294, 0.2227, 0.222, 0.2208, 0.2189, 0.2173, 0.215, 0.2146, 0.2131, 0.213, 0.2128, 0.2125, 0.2105, 0.1987, 0.1895, 0.1908, 0.1821, 0.1934, 0.1793, 0.1487, 0.1696, 0.1732, 0.1294, 0.0983, 0.3175, 0.2712, 0.2643, 0.2632, 0.263, 0.2597, 0.2589, 0.2536, 0.2502, 0.2496, 0.2352, 0.2333, 0.2314, 0.2307, 0.23, 0.2252, 0.2223, 0.2182, 0.2153, 0.2086, 0.2083, 0.2067, 0.2057, 0.2042, 0.2029, 0.2012, 0.1993, 0.1977, 0.1955, 0.1951, 0.1935, 0.1898, 0.1907, 0.1855, 0.1675, 0.1653, 0.1854, 0.1646, 0.176, 0.1498, 0.1443, 0.0928, 0.3297, 0.295, 0.2893, 0.2878, 0.2833, 0.2747, 0.271, 0.2644, 0.2546, 0.2536, 0.2498, 0.2462, 0.2462, 0.2457, 0.2391, 0.2388, 0.2368, 0.2327, 0.2307, 0.2303, 0.2247, 0.2244, 0.2237, 0.2197, 0.2178, 0.2176, 0.2169, 0.2085, 0.2069, 0.2067, 0.2034, 0.1977, 0.1946, 0.2018, 0.1844, 0.1948, 0.19, 0.1631, 0.1385, 0.3505, 0.3408, 0.2926, 0.2903, 0.2835, 0.2818, 0.2766, 0.2748, 0.2613, 0.2601, 0.2594, 0.2571, 0.2536, 0.2485, 0.247, 0.2444, 0.2407, 0.2405, 0.2382, 0.2327, 0.2325, 0.2317, 0.227, 0.2242, 0.2188, 0.2175, 0.2174, 0.2157, 0.2142, 0.2128, 0.2128, 0.2059, 0.1765, 0.2042, 0.182, 0.1983, 0.1576, 0.1759, 0.1882, 0.1751, 0.3516, 0.3118, 0.3073, 0.3024, 0.2707, 0.263, 0.2621, 0.2495, 0.2489, 0.2433, 0.2418, 0.2416, 0.2401, 0.2389, 0.2268, 0.226, 0.2252, 0.2236, 0.2189, 0.217, 0.2156, 0.2148, 0.2127, 0.2121, 0.2116, 0.2109, 0.2094, 0.2081, 0.2078, 0.2063, 0.2056, 0.2043, 0.2012, 0.204, 0.2032, 0.1944, 0.2017, 0.1918, 0.1627, 0.1638, 0.1835, 0.1651, 0.1651, 0.1696, 0.1513, 0.1406, 0.1324, 0.3102, 0.2882, 0.2818, 0.2761, 0.2736, 0.2619, 0.2593, 0.2589, 0.2574, 0.249, 0.2488, 0.2473, 0.2449, 0.2432, 0.2386, 0.2365, 0.2345, 0.2316, 0.2307, 0.2299, 0.2287, 0.2217, 0.2212, 0.2209, 0.2198, 0.2195, 0.2188, 0.2183, 0.2174, 0.2162, 0.2159, 0.2124, 0.2144, 0.2049, 0.2037, 0.1953, 0.2152, 0.2088, 0.1968, 0.1942, 0.1915, 0.2087, 0.1977, 0.1917, 0.1727, 0.1787]}, "token.table": {"Topic": [1, 2, 3, 4, 5, 1, 2, 3, 4, 1, 2, 3, 5, 1, 2, 3, 4, 1, 2, 3, 4, 1, 2, 3, 4, 5, 1, 2, 3, 5, 1, 2, 3, 4, 5, 1, 2, 3, 4, 5, 1, 2, 3, 4, 5, 1, 2, 3, 4, 5, 1, 2, 3, 4, 5, 1, 2, 3, 4, 5, 1, 2, 3, 4, 5, 6, 1, 2, 3, 4, 5, 1, 2, 3, 4, 5, 1, 2, 3, 4, 5, 1, 2, 3, 4, 5, 1, 2, 3, 4, 1, 2, 3, 4, 5, 1, 2, 3, 4, 1, 2, 3, 4, 5, 1, 2, 3, 4, 5, 6, 1, 2, 3, 4, 5, 1, 2, 3, 4, 5, 1, 2, 3, 4, 5, 1, 2, 3, 4, 5, 1, 2, 3, 4, 5, 1, 2, 3, 4, 5, 1, 2, 3, 4, 5, 1, 2, 3, 4, 5, 1, 2, 3, 4, 5, 1, 2, 3, 4, 5, 1, 2, 3, 4, 5, 1, 2, 3, 4, 1, 2, 3, 4, 5, 1, 2, 3, 4, 1, 2, 3, 4, 5, 1, 2, 3, 4, 5, 1, 2, 3, 4, 5, 1, 2, 3, 4, 5, 1, 2, 3, 4, 5, 1, 2, 3, 4, 5, 1, 2, 3, 4, 5, 1, 2, 3, 4, 1, 2, 3, 4, 5, 1, 2, 3, 4, 5, 1, 2, 3, 4, 1, 2, 3, 4, 5, 1, 2, 3, 4, 5, 1, 2, 3, 4, 5, 1, 2, 3, 4, 5, 1, 2, 3, 4, 1, 2, 3, 4, 5, 1, 2, 3, 4, 5, 1, 2, 3, 4, 5, 1, 2, 3, 4, 5, 1, 2, 3, 4, 5, 1, 2, 3, 5, 1, 2, 3, 4, 5, 7, 1, 2, 3, 4, 5, 6, 1, 2, 3, 4, 5, 1, 2, 3, 4, 5, 1, 2, 3, 4, 5, 1, 2, 3, 4, 1, 2, 3, 4, 1, 2, 3, 4, 5, 1, 2, 3, 4, 1, 2, 3, 4, 5, 1, 2, 3, 4, 5, 1, 2, 3, 5, 1, 2, 3, 4, 5, 1, 2, 3, 4, 5, 1, 2, 3, 4, 5, 1, 2, 3, 4, 5, 1, 2, 3, 4, 5, 1, 2, 3, 4, 5, 1, 2, 3, 4, 5, 1, 2, 3, 4, 1, 2, 3, 4, 1, 2, 3, 4, 5, 1, 2, 3, 4, 1, 2, 3, 4, 1, 2, 3, 4, 5, 1, 2, 3, 4, 5, 1, 2, 3, 4, 5, 1, 2, 3, 4, 5, 1, 2, 3, 4, 6, 1, 2, 3, 4, 5, 1, 2, 3, 4, 5, 1, 2, 3, 4, 5, 1, 2, 3, 4, 5, 1, 2, 3, 4, 5, 1, 2, 3, 4, 5, 1, 2, 3, 4, 1, 2, 3, 4, 1, 2, 3, 4, 1, 2, 3, 4, 5, 1, 2, 3, 4, 5, 1, 2, 3, 4, 5, 1, 2, 3, 4, 1, 2, 3, 4, 5, 1, 2, 3, 4, 5, 1, 2, 3, 4, 5, 7, 1, 2, 3, 4, 5, 1, 2, 3, 4, 5, 1, 2, 3, 4, 1, 2, 3, 4, 5, 1, 2, 3, 4, 5, 1, 2, 3, 4, 5, 1, 2, 3, 4, 5, 1, 2, 3, 4, 5, 1, 2, 3, 4, 5, 1, 2, 3, 5, 1, 2, 3, 4, 5, 7, 1, 2, 3, 4, 5, 1, 2, 3, 4, 5, 1, 2, 3, 4, 5, 1, 2, 3, 4, 5, 1, 2, 3, 4, 1, 2, 3, 4, 5, 1, 2, 3, 4, 1, 2, 3, 4, 5, 1, 2, 3, 4, 5, 1, 2, 3, 5, 1, 2, 3, 4, 5, 1, 2, 3, 4, 5, 1, 2, 3, 4, 6, 1, 2, 3, 4, 5, 1, 2, 3, 5, 1, 2, 3, 4, 5, 1, 2, 3, 4, 5, 1, 2, 3, 4, 5, 1, 2, 3, 4, 1, 2, 3, 4, 5, 1, 2, 3, 4, 5, 1, 2, 3, 4, 5, 1, 2, 3, 4, 5, 1, 2, 3, 4, 5, 1, 2, 3, 4, 1, 2, 3, 4, 5, 1, 2, 3, 4, 1, 2, 3, 4, 5, 1, 2, 3, 4, 5, 1, 2, 3, 4, 5, 1, 2, 3, 4, 5, 1, 2, 3, 4, 1, 2, 3, 4, 1, 2, 3, 4, 5, 1, 2, 3, 4, 5, 1, 2, 3, 4, 1, 2, 3, 4, 5, 1, 2, 3, 4, 5, 1, 2, 3, 4, 5, 1, 2, 3, 4, 5, 1, 2, 3, 4, 5, 1, 2, 3, 4, 1, 2, 3, 4, 5, 1, 2, 3, 4, 5, 1, 2, 3, 4, 5, 6, 1, 2, 3, 4, 1, 2, 3, 4, 1, 2, 3, 5, 1, 2, 3, 4, 5, 1, 2, 3, 4, 5, 1, 2, 3, 4, 5, 1, 2, 3, 4, 5, 1, 2, 3, 4, 5, 1, 2, 3, 4, 5, 1, 2, 3, 4, 1, 2, 3, 4, 6, 1, 2, 3, 4, 1, 2, 3, 4, 5, 1, 2, 3, 4, 5, 1, 2, 3, 4, 5, 1, 2, 3, 4, 5, 1, 2, 3, 4, 5, 1, 2, 3, 4, 5, 1, 2, 3, 4, 5, 1, 2, 3, 4, 1, 2, 3, 4, 1, 2, 3, 4, 5, 1, 2, 3, 4, 5, 1, 2, 3, 4, 5, 1, 2, 3, 4, 5, 6, 1, 2, 3, 4, 5, 1, 2, 3, 4, 1, 2, 3, 4, 1, 2, 3, 4, 5, 1, 2, 3, 4, 5, 1, 2, 3, 4, 5, 1, 2, 3, 4, 1, 2, 3, 4, 5, 6, 1, 2, 3, 5, 1, 2, 3, 4, 5, 1, 2, 3, 4, 5, 1, 2, 3, 4, 5, 1, 2, 3, 4, 5, 1, 2, 3, 4, 5, 1, 2, 3, 4, 5, 1, 2, 3, 4, 5, 7, 1, 2, 3, 4, 5, 1, 2, 3, 4, 5, 1, 2, 3, 1, 2, 3, 4, 5, 1, 2, 3, 4, 5, 1, 2, 3, 4, 5, 1, 2, 3, 4, 1, 2, 3, 4, 5, 1, 2, 3, 4, 5, 1, 2, 3, 4, 1, 2, 3, 4, 5, 1, 2, 3, 4, 5, 1, 2, 3, 4, 5, 1, 2, 3, 4, 5, 1, 2, 3, 4, 5, 1, 2, 3, 4, 5, 1, 2, 3, 4, 5, 1, 2, 3, 4, 5, 1, 2, 3, 4, 5, 1, 2, 3, 4, 5, 1, 2, 3, 4, 5, 1, 2, 3, 4, 5, 1, 2, 3, 4, 1, 2, 3, 5, 1, 2, 3, 4, 5, 1, 2, 3, 4, 5, 1, 2, 3, 4, 5, 1, 2, 3, 4, 1, 2, 3, 5, 1, 2, 3, 4, 5, 1, 2, 3, 4, 5, 1, 2, 3, 4, 5, 1, 2, 3, 4, 5, 1, 2, 3, 4, 5, 1, 2, 3, 4, 1, 2, 3, 4, 5, 1, 2, 3, 4, 5, 1, 2, 3, 4, 5, 6, 1, 2, 3, 4, 5, 1, 2, 3, 4, 5, 1, 2, 3, 4, 1, 2, 3, 4, 5, 1, 2, 3, 4, 5, 1, 2, 3, 4, 5, 1, 2, 3, 4, 5, 1, 2, 3, 4, 5, 1, 2, 3, 4, 5, 1, 2, 3, 4, 1, 2, 3, 4, 5, 1, 2, 3, 4, 5, 1, 2, 3, 4, 5, 1, 2, 3, 4, 1, 2, 3, 4, 5, 1, 2, 3, 4, 5, 1, 2, 3, 4, 5, 1, 2, 3, 4, 5, 1, 2, 3, 5, 1, 2, 3, 4, 5, 1, 2, 3, 4, 5, 1, 2, 3, 4, 5, 1, 2, 3, 4, 5, 1, 2, 3, 4, 5, 1, 2, 3, 4, 5, 1, 2, 3, 4, 5, 1, 2, 3, 4, 5, 1, 2, 3, 4, 5, 1, 2, 3, 5, 1, 2, 3, 4, 1, 2, 3, 4, 5, 1, 2, 3, 4, 5, 1, 2, 3, 4, 5, 1, 2, 3, 4, 5, 1, 2, 3, 4, 1, 2, 3, 4, 5, 1, 2, 3, 4, 5, 1, 2, 3, 4, 1, 2, 3, 4, 5, 1, 2, 3, 4, 5, 6, 1, 2, 3, 4, 5, 1, 2, 3, 4, 1, 2, 3, 4, 5, 1, 2, 3, 4, 1, 2, 3, 4, 5, 1, 2, 3, 4, 5, 1, 2, 3, 4, 5, 1, 2, 3, 4, 5, 1, 2, 3, 4, 5, 1, 2, 3, 4, 5, 1, 2, 3, 4, 5, 1, 2, 3, 4, 5, 1, 2, 3, 4, 5, 1, 2, 3, 4, 5, 1, 2, 3, 4, 5, 1, 2, 3, 4, 1, 2, 3, 4, 1, 2, 3, 5, 1, 2, 3, 4, 5, 1, 2, 3, 4, 5, 1, 2, 3, 4, 5, 1, 2, 3, 4, 5, 1, 2, 3, 4, 5, 6, 1, 2, 3, 4, 5, 1, 2, 3, 4, 5, 1, 2, 3, 4, 5, 1, 2, 3, 4, 5, 1, 2, 3, 4, 5, 1, 2, 3, 4, 5, 1, 2, 3, 4, 5, 1, 2, 3, 4, 5, 1, 2, 3, 4, 5, 1, 2, 3, 4, 5, 6, 1, 2, 3, 4, 5, 1, 2, 3, 4, 5, 1, 2, 3, 4, 1, 2, 3, 5, 1, 2, 3, 4, 5, 1, 2, 3, 4, 5, 1, 2, 3, 4, 5, 1, 2, 3, 4, 5, 1, 2, 3, 4, 5, 1, 2, 3, 5, 1, 2, 3, 4, 5, 1, 2, 3, 4, 5, 1, 2, 3, 4, 5, 1, 2, 3, 4, 5, 1, 2, 3, 4, 5, 1, 2, 3, 4, 1, 2, 3, 4, 1, 2, 3, 4, 5, 1, 2, 3, 4, 5, 1, 2, 3, 4, 5, 1, 2, 3, 4, 5, 1, 2, 3, 4, 5, 1, 2, 3, 4, 1, 2, 3, 4, 5, 1, 2, 3, 4, 5, 1, 2, 3, 4, 5, 1, 2, 3, 4, 5, 1, 2, 3, 4, 5, 1, 2, 3, 4, 5, 1, 2, 3, 4, 1, 2, 3, 4, 5, 6, 1, 2, 3, 4, 5, 1, 2, 3, 4, 5, 1, 2, 3, 4, 5, 1, 2, 3, 4, 5, 1, 2, 3, 4, 1, 2, 3, 4, 5, 1, 2, 3, 4, 5, 1, 2, 3, 4, 5, 1, 2, 3, 4, 5, 1, 2, 3, 4, 5, 1, 2, 3, 4, 5, 1, 2, 3, 4, 5, 1, 2, 3, 4, 5, 1, 2, 3, 4, 5, 1, 2, 3, 4, 5, 1, 2, 3, 4, 5, 1, 2, 3, 4, 1, 2, 3, 4, 1, 2, 3, 4, 5, 1, 2, 3, 4, 5, 1, 2, 3, 4, 5, 1, 2, 3, 4, 5, 1, 2, 3, 4, 5, 1, 2, 3, 4, 5, 1, 2, 3, 4, 5, 1, 2, 3, 4, 5, 1, 2, 3, 4, 5, 1, 2, 3, 4, 5, 1, 2, 3, 4, 5, 1, 2, 3, 5, 1, 2, 3, 4, 5, 1, 2, 3, 4, 1, 2, 3, 4, 5, 1, 2, 3, 4, 5, 1, 2, 3, 4, 5, 1, 2, 3, 4, 5, 1, 2, 3, 4, 5, 1, 2, 3, 4, 5, 1, 2, 3, 4, 5, 1, 2, 3, 4, 5], "Freq": [0.3532908697301709, 0.17664543486508544, 0.17664543486508544, 0.17664543486508544, 0.17664543486508544, 0.37021183981101646, 0.18510591990550823, 0.18510591990550823, 0.18510591990550823, 0.19352537326157176, 0.19352537326157176, 0.19352537326157176, 0.19352537326157176, 0.35113656010261857, 0.17556828005130928, 0.17556828005130928, 0.17556828005130928, 0.18331409305027624, 0.18331409305027624, 0.18331409305027624, 0.18331409305027624, 0.17973162948102026, 0.17973162948102026, 0.17973162948102026, 0.17973162948102026, 0.17973162948102026, 0.34086470508542266, 0.17043235254271133, 0.17043235254271133, 0.17043235254271133, 0.17882199246697827, 0.17882199246697827, 0.17882199246697827, 0.17882199246697827, 0.17882199246697827, 0.3434331662044172, 0.1717165831022086, 0.1717165831022086, 0.1717165831022086, 0.1717165831022086, 0.18428156365317486, 0.18428156365317486, 0.18428156365317486, 0.18428156365317486, 0.18428156365317486, 0.179988742700085, 0.179988742700085, 0.179988742700085, 0.179988742700085, 0.179988742700085, 0.3488588318770547, 0.17442941593852734, 0.17442941593852734, 0.17442941593852734, 0.17442941593852734, 0.19433221920071417, 0.19433221920071417, 0.19433221920071417, 0.19433221920071417, 0.19433221920071417, 0.37358520005406154, 0.18679260002703077, 0.18679260002703077, 0.18679260002703077, 0.18679260002703077, 0.18679260002703077, 0.3463461525979388, 0.1731730762989694, 0.1731730762989694, 0.1731730762989694, 0.1731730762989694, 0.1849170898331661, 0.1849170898331661, 0.1849170898331661, 0.1849170898331661, 0.1849170898331661, 0.1785705447547887, 0.1785705447547887, 0.1785705447547887, 0.1785705447547887, 0.1785705447547887, 0.1909212398295424, 0.1909212398295424, 0.1909212398295424, 0.1909212398295424, 0.1909212398295424, 0.35435733377909284, 0.17717866688954642, 0.17717866688954642, 0.17717866688954642, 0.34563007518051875, 0.17281503759025937, 0.17281503759025937, 0.17281503759025937, 0.17281503759025937, 0.1983654856927374, 0.1983654856927374, 0.1983654856927374, 0.1983654856927374, 0.1891586954396192, 0.1891586954396192, 0.1891586954396192, 0.1891586954396192, 0.1891586954396192, 0.1876346454189521, 0.1876346454189521, 0.1876346454189521, 0.1876346454189521, 0.1876346454189521, 0.1876346454189521, 0.34237705984340533, 0.17118852992170266, 0.17118852992170266, 0.17118852992170266, 0.17118852992170266, 0.36415611297994255, 0.18207805648997127, 0.18207805648997127, 0.18207805648997127, 0.18207805648997127, 0.3670070722287634, 0.1835035361143817, 0.1835035361143817, 0.1835035361143817, 0.1835035361143817, 0.3725110694970175, 0.18625553474850876, 0.18625553474850876, 0.18625553474850876, 0.18625553474850876, 0.35040596964426257, 0.17520298482213129, 0.17520298482213129, 0.17520298482213129, 0.17520298482213129, 0.32704737212727475, 0.16352368606363737, 0.16352368606363737, 0.16352368606363737, 0.16352368606363737, 0.3392684033031385, 0.16963420165156926, 0.16963420165156926, 0.16963420165156926, 0.16963420165156926, 0.3475311206417492, 0.1737655603208746, 0.1737655603208746, 0.1737655603208746, 0.1737655603208746, 0.18937858920820713, 0.18937858920820713, 0.18937858920820713, 0.18937858920820713, 0.18937858920820713, 0.3684470628037865, 0.18422353140189324, 0.18422353140189324, 0.18422353140189324, 0.18422353140189324, 0.3934141946526469, 0.19670709732632344, 0.19670709732632344, 0.19670709732632344, 0.19670709732632344, 0.1813012833646589, 0.1813012833646589, 0.1813012833646589, 0.1813012833646589, 0.3582382246983936, 0.1791191123491968, 0.1791191123491968, 0.1791191123491968, 0.1791191123491968, 0.3676976905075836, 0.1838488452537918, 0.1838488452537918, 0.1838488452537918, 0.1867681376356253, 0.1867681376356253, 0.1867681376356253, 0.1867681376356253, 0.1867681376356253, 0.177445730865035, 0.177445730865035, 0.177445730865035, 0.177445730865035, 0.177445730865035, 0.37154939616462346, 0.18577469808231173, 0.18577469808231173, 0.18577469808231173, 0.18577469808231173, 0.3824253872664175, 0.19121269363320875, 0.19121269363320875, 0.19121269363320875, 0.19121269363320875, 0.18569072177373303, 0.18569072177373303, 0.18569072177373303, 0.18569072177373303, 0.18569072177373303, 0.35360085622418647, 0.17680042811209323, 0.17680042811209323, 0.17680042811209323, 0.17680042811209323, 0.35749926097403445, 0.17874963048701722, 0.17874963048701722, 0.17874963048701722, 0.17874963048701722, 0.3900382866222925, 0.19501914331114625, 0.19501914331114625, 0.19501914331114625, 0.18447277838390916, 0.18447277838390916, 0.18447277838390916, 0.18447277838390916, 0.18447277838390916, 0.34881525816917436, 0.17440762908458718, 0.17440762908458718, 0.17440762908458718, 0.17440762908458718, 0.19373535854709995, 0.19373535854709995, 0.19373535854709995, 0.19373535854709995, 0.369895235626248, 0.184947617813124, 0.184947617813124, 0.184947617813124, 0.184947617813124, 0.3542695034338256, 0.1771347517169128, 0.1771347517169128, 0.1771347517169128, 0.1771347517169128, 0.36292253685234266, 0.18146126842617133, 0.18146126842617133, 0.18146126842617133, 0.18146126842617133, 0.19197035859703268, 0.19197035859703268, 0.19197035859703268, 0.19197035859703268, 0.19197035859703268, 0.17648180792691837, 0.17648180792691837, 0.17648180792691837, 0.17648180792691837, 0.35219874702117626, 0.17609937351058813, 0.17609937351058813, 0.17609937351058813, 0.17609937351058813, 0.19156026301079968, 0.19156026301079968, 0.19156026301079968, 0.19156026301079968, 0.19156026301079968, 0.37122811411280493, 0.18561405705640246, 0.18561405705640246, 0.18561405705640246, 0.18561405705640246, 0.3478085249275447, 0.17390426246377236, 0.17390426246377236, 0.17390426246377236, 0.17390426246377236, 0.36070430807531517, 0.18035215403765759, 0.18035215403765759, 0.18035215403765759, 0.18035215403765759, 0.19772325833455853, 0.19772325833455853, 0.19772325833455853, 0.19772325833455853, 0.32247147416237437, 0.16123573708118719, 0.16123573708118719, 0.16123573708118719, 0.16123573708118719, 0.16123573708118719, 0.18521710071717534, 0.18521710071717534, 0.18521710071717534, 0.18521710071717534, 0.18521710071717534, 0.18521710071717534, 0.1757244484154731, 0.1757244484154731, 0.1757244484154731, 0.1757244484154731, 0.1757244484154731, 0.18518874308149005, 0.18518874308149005, 0.18518874308149005, 0.18518874308149005, 0.18518874308149005, 0.33996308493212835, 0.16998154246606417, 0.16998154246606417, 0.16998154246606417, 0.16998154246606417, 0.18922571193807453, 0.18922571193807453, 0.18922571193807453, 0.18922571193807453, 0.3553394399085086, 0.1776697199542543, 0.1776697199542543, 0.1776697199542543, 0.1917920244148292, 0.1917920244148292, 0.1917920244148292, 0.1917920244148292, 0.1917920244148292, 0.35727124008348043, 0.17863562004174022, 0.17863562004174022, 0.17863562004174022, 0.3514426391575669, 0.17572131957878345, 0.17572131957878345, 0.17572131957878345, 0.17572131957878345, 0.18963561710695492, 0.18963561710695492, 0.18963561710695492, 0.18963561710695492, 0.18963561710695492, 0.1813834982939475, 0.1813834982939475, 0.1813834982939475, 0.1813834982939475, 0.34532478982647113, 0.17266239491323557, 0.17266239491323557, 0.17266239491323557, 0.17266239491323557, 0.3390887173768759, 0.16954435868843795, 0.16954435868843795, 0.16954435868843795, 0.16954435868843795, 0.3614165966630709, 0.18070829833153546, 0.18070829833153546, 0.18070829833153546, 0.18070829833153546, 0.18234554416291868, 0.18234554416291868, 0.18234554416291868, 0.18234554416291868, 0.18234554416291868, 0.35270215061562304, 0.17635107530781152, 0.17635107530781152, 0.17635107530781152, 0.17635107530781152, 0.36208585683517414, 0.18104292841758707, 0.18104292841758707, 0.18104292841758707, 0.18104292841758707, 0.3574262061605664, 0.1787131030802832, 0.1787131030802832, 0.1787131030802832, 0.1787131030802832, 0.18648585476657578, 0.18648585476657578, 0.18648585476657578, 0.18648585476657578, 0.33994371947422775, 0.16997185973711387, 0.16997185973711387, 0.16997185973711387, 0.19628325642221045, 0.19628325642221045, 0.19628325642221045, 0.19628325642221045, 0.19628325642221045, 0.3658037032207566, 0.1829018516103783, 0.1829018516103783, 0.1829018516103783, 0.3799681255734091, 0.18998406278670454, 0.18998406278670454, 0.18998406278670454, 0.35251979375013087, 0.17625989687506544, 0.17625989687506544, 0.17625989687506544, 0.17625989687506544, 0.3525796060203941, 0.17628980301019706, 0.17628980301019706, 0.17628980301019706, 0.17628980301019706, 0.18914083442103902, 0.18914083442103902, 0.18914083442103902, 0.18914083442103902, 0.18914083442103902, 0.36442901869719563, 0.18221450934859781, 0.18221450934859781, 0.18221450934859781, 0.18221450934859781, 0.35622066560722937, 0.17811033280361468, 0.17811033280361468, 0.17811033280361468, 0.17811033280361468, 0.18973923132107548, 0.18973923132107548, 0.18973923132107548, 0.18973923132107548, 0.18973923132107548, 0.1911412955392451, 0.1911412955392451, 0.1911412955392451, 0.1911412955392451, 0.1911412955392451, 0.1958970103600099, 0.1958970103600099, 0.1958970103600099, 0.1958970103600099, 0.1958970103600099, 0.3530295927635028, 0.1765147963817514, 0.1765147963817514, 0.1765147963817514, 0.1765147963817514, 0.33801874225385287, 0.16900937112692643, 0.16900937112692643, 0.16900937112692643, 0.16900937112692643, 0.192205893789345, 0.192205893789345, 0.192205893789345, 0.192205893789345, 0.192205893789345, 0.18955965248054618, 0.18955965248054618, 0.18955965248054618, 0.18955965248054618, 0.34832456433162756, 0.17416228216581378, 0.17416228216581378, 0.17416228216581378, 0.19528902669857864, 0.19528902669857864, 0.19528902669857864, 0.19528902669857864, 0.3503558381179303, 0.17517791905896515, 0.17517791905896515, 0.17517791905896515, 0.17517791905896515, 0.3518325968352653, 0.17591629841763265, 0.17591629841763265, 0.17591629841763265, 0.17591629841763265, 0.3409618788992536, 0.1704809394496268, 0.1704809394496268, 0.1704809394496268, 0.1704809394496268, 0.1808265735188, 0.1808265735188, 0.1808265735188, 0.1808265735188, 0.3564152396218996, 0.1782076198109498, 0.1782076198109498, 0.1782076198109498, 0.1782076198109498, 0.36458521732813887, 0.18229260866406943, 0.18229260866406943, 0.18229260866406943, 0.18229260866406943, 0.3559965658309637, 0.17799828291548184, 0.17799828291548184, 0.17799828291548184, 0.17799828291548184, 0.17799828291548184, 0.18850445138706, 0.18850445138706, 0.18850445138706, 0.18850445138706, 0.18850445138706, 0.1919733721148744, 0.1919733721148744, 0.1919733721148744, 0.1919733721148744, 0.1919733721148744, 0.19859112879236854, 0.19859112879236854, 0.19859112879236854, 0.19859112879236854, 0.188557894145745, 0.188557894145745, 0.188557894145745, 0.188557894145745, 0.188557894145745, 0.18730121660669924, 0.18730121660669924, 0.18730121660669924, 0.18730121660669924, 0.18730121660669924, 0.35661743340790847, 0.17830871670395423, 0.17830871670395423, 0.17830871670395423, 0.17830871670395423, 0.18081562427783643, 0.18081562427783643, 0.18081562427783643, 0.18081562427783643, 0.18081562427783643, 0.19302737343293014, 0.19302737343293014, 0.19302737343293014, 0.19302737343293014, 0.19302737343293014, 0.36916897571098073, 0.18458448785549036, 0.18458448785549036, 0.18458448785549036, 0.18458448785549036, 0.3624221323248219, 0.18121106616241095, 0.18121106616241095, 0.18121106616241095, 0.1920535680732193, 0.1920535680732193, 0.1920535680732193, 0.1920535680732193, 0.1920535680732193, 0.1920535680732193, 0.18724795530999155, 0.18724795530999155, 0.18724795530999155, 0.18724795530999155, 0.18724795530999155, 0.18879753976978692, 0.18879753976978692, 0.18879753976978692, 0.18879753976978692, 0.18879753976978692, 0.3579385393665014, 0.1789692696832507, 0.1789692696832507, 0.1789692696832507, 0.1789692696832507, 0.2005621667982831, 0.2005621667982831, 0.2005621667982831, 0.2005621667982831, 0.2005621667982831, 0.36903388289555106, 0.18451694144777553, 0.18451694144777553, 0.18451694144777553, 0.1905423854429123, 0.1905423854429123, 0.1905423854429123, 0.1905423854429123, 0.1905423854429123, 0.18482984681728756, 0.18482984681728756, 0.18482984681728756, 0.18482984681728756, 0.18909740795964064, 0.18909740795964064, 0.18909740795964064, 0.18909740795964064, 0.18909740795964064, 0.18353402526518933, 0.18353402526518933, 0.18353402526518933, 0.18353402526518933, 0.18353402526518933, 0.18658211777090064, 0.18658211777090064, 0.18658211777090064, 0.18658211777090064, 0.3459142561960859, 0.17295712809804295, 0.17295712809804295, 0.17295712809804295, 0.17295712809804295, 0.3538271139297797, 0.17691355696488986, 0.17691355696488986, 0.17691355696488986, 0.17691355696488986, 0.3505392322207892, 0.1752696161103946, 0.1752696161103946, 0.1752696161103946, 0.1752696161103946, 0.3654091930751787, 0.18270459653758936, 0.18270459653758936, 0.18270459653758936, 0.18270459653758936, 0.342528433231319, 0.1712642166156595, 0.1712642166156595, 0.1712642166156595, 0.19331360244887472, 0.19331360244887472, 0.19331360244887472, 0.19331360244887472, 0.19331360244887472, 0.3299682794802825, 0.16498413974014126, 0.16498413974014126, 0.16498413974014126, 0.16498413974014126, 0.34058806583862045, 0.17029403291931022, 0.17029403291931022, 0.17029403291931022, 0.17029403291931022, 0.36879162883367994, 0.18439581441683997, 0.18439581441683997, 0.18439581441683997, 0.34243290698370776, 0.17121645349185388, 0.17121645349185388, 0.17121645349185388, 0.17121645349185388, 0.3348838508155706, 0.1674419254077853, 0.1674419254077853, 0.1674419254077853, 0.1674419254077853, 0.18503273064033293, 0.18503273064033293, 0.18503273064033293, 0.18503273064033293, 0.18503273064033293, 0.18547530042106145, 0.18547530042106145, 0.18547530042106145, 0.18547530042106145, 0.18547530042106145, 0.34773304212370076, 0.17386652106185038, 0.17386652106185038, 0.17386652106185038, 0.17386652106185038, 0.18202373865479224, 0.18202373865479224, 0.18202373865479224, 0.18202373865479224, 0.1850720842133308, 0.1850720842133308, 0.1850720842133308, 0.1850720842133308, 0.1850720842133308, 0.19590299647019802, 0.19590299647019802, 0.19590299647019802, 0.19590299647019802, 0.35433363639992416, 0.17716681819996208, 0.17716681819996208, 0.17716681819996208, 0.17716681819996208, 0.19526143942494872, 0.19526143942494872, 0.19526143942494872, 0.19526143942494872, 0.19526143942494872, 0.17231575500297794, 0.17231575500297794, 0.17231575500297794, 0.17231575500297794, 0.17231575500297794, 0.19354623982691216, 0.19354623982691216, 0.19354623982691216, 0.19354623982691216, 0.19354623982691216, 0.34333904309240293, 0.17166952154620146, 0.17166952154620146, 0.17166952154620146, 0.3702449040155314, 0.1851224520077657, 0.1851224520077657, 0.1851224520077657, 0.18141086281108576, 0.18141086281108576, 0.18141086281108576, 0.18141086281108576, 0.18141086281108576, 0.35107276718477404, 0.17553638359238702, 0.17553638359238702, 0.17553638359238702, 0.17553638359238702, 0.19522717139208934, 0.19522717139208934, 0.19522717139208934, 0.19522717139208934, 0.1867905921737595, 0.1867905921737595, 0.1867905921737595, 0.1867905921737595, 0.1867905921737595, 0.1828170061002041, 0.1828170061002041, 0.1828170061002041, 0.1828170061002041, 0.1828170061002041, 0.19739410690882594, 0.19739410690882594, 0.19739410690882594, 0.19739410690882594, 0.19739410690882594, 0.35195216092976506, 0.17597608046488253, 0.17597608046488253, 0.17597608046488253, 0.17597608046488253, 0.35127305700901096, 0.17563652850450548, 0.17563652850450548, 0.17563652850450548, 0.17563652850450548, 0.3676566386355032, 0.1838283193177516, 0.1838283193177516, 0.1838283193177516, 0.19358711353201713, 0.19358711353201713, 0.19358711353201713, 0.19358711353201713, 0.19358711353201713, 0.35497796448058294, 0.17748898224029147, 0.17748898224029147, 0.17748898224029147, 0.17748898224029147, 0.1925429023904191, 0.1925429023904191, 0.1925429023904191, 0.1925429023904191, 0.1925429023904191, 0.1925429023904191, 0.3664769015703448, 0.1832384507851724, 0.1832384507851724, 0.1832384507851724, 0.19138139698692647, 0.19138139698692647, 0.19138139698692647, 0.19138139698692647, 0.19377611127824898, 0.19377611127824898, 0.19377611127824898, 0.19377611127824898, 0.17555191588851737, 0.17555191588851737, 0.17555191588851737, 0.17555191588851737, 0.17555191588851737, 0.33772400605786435, 0.16886200302893217, 0.16886200302893217, 0.16886200302893217, 0.16886200302893217, 0.3358559523345471, 0.16792797616727356, 0.16792797616727356, 0.16792797616727356, 0.16792797616727356, 0.3472511735784832, 0.1736255867892416, 0.1736255867892416, 0.1736255867892416, 0.1736255867892416, 0.19024876843698177, 0.19024876843698177, 0.19024876843698177, 0.19024876843698177, 0.19024876843698177, 0.17790566348149084, 0.17790566348149084, 0.17790566348149084, 0.17790566348149084, 0.17790566348149084, 0.3557777949929858, 0.1778888974964929, 0.1778888974964929, 0.1778888974964929, 0.18503430572036467, 0.18503430572036467, 0.18503430572036467, 0.18503430572036467, 0.18503430572036467, 0.36887630497337587, 0.18443815248668793, 0.18443815248668793, 0.18443815248668793, 0.3568976577832447, 0.17844882889162236, 0.17844882889162236, 0.17844882889162236, 0.17844882889162236, 0.18501018067138136, 0.18501018067138136, 0.18501018067138136, 0.18501018067138136, 0.18501018067138136, 0.18910304757157384, 0.18910304757157384, 0.18910304757157384, 0.18910304757157384, 0.18910304757157384, 0.185838161706319, 0.185838161706319, 0.185838161706319, 0.185838161706319, 0.185838161706319, 0.36004113814201166, 0.18002056907100583, 0.18002056907100583, 0.18002056907100583, 0.18002056907100583, 0.3623401806964434, 0.1811700903482217, 0.1811700903482217, 0.1811700903482217, 0.1811700903482217, 0.3525218373827316, 0.1762609186913658, 0.1762609186913658, 0.1762609186913658, 0.1762609186913658, 0.19567164764075606, 0.19567164764075606, 0.19567164764075606, 0.19567164764075606, 0.3536941424766182, 0.1768470712383091, 0.1768470712383091, 0.1768470712383091, 0.37883959985062343, 0.18941979992531172, 0.18941979992531172, 0.18941979992531172, 0.18941979992531172, 0.19412573409909306, 0.19412573409909306, 0.19412573409909306, 0.19412573409909306, 0.19412573409909306, 0.34168598675844597, 0.17084299337922298, 0.17084299337922298, 0.17084299337922298, 0.17084299337922298, 0.1915097261603118, 0.1915097261603118, 0.1915097261603118, 0.1915097261603118, 0.1915097261603118, 0.1915097261603118, 0.348473621494672, 0.174236810747336, 0.174236810747336, 0.174236810747336, 0.174236810747336, 0.36212700211007026, 0.18106350105503513, 0.18106350105503513, 0.18106350105503513, 0.3772727589560151, 0.18863637947800754, 0.18863637947800754, 0.18863637947800754, 0.34109636747157274, 0.17054818373578637, 0.17054818373578637, 0.17054818373578637, 0.17054818373578637, 0.3595147003676785, 0.17975735018383926, 0.17975735018383926, 0.17975735018383926, 0.17975735018383926, 0.3706770818066828, 0.1853385409033414, 0.1853385409033414, 0.1853385409033414, 0.1853385409033414, 0.19555588375251198, 0.19555588375251198, 0.19555588375251198, 0.19555588375251198, 0.35692260941472514, 0.17846130470736257, 0.17846130470736257, 0.17846130470736257, 0.17846130470736257, 0.17846130470736257, 0.36397636609084066, 0.18198818304542033, 0.18198818304542033, 0.18198818304542033, 0.18444914553548028, 0.18444914553548028, 0.18444914553548028, 0.18444914553548028, 0.18444914553548028, 0.3472098983467723, 0.17360494917338615, 0.17360494917338615, 0.17360494917338615, 0.17360494917338615, 0.34661215805477047, 0.17330607902738523, 0.17330607902738523, 0.17330607902738523, 0.17330607902738523, 0.3520887549594329, 0.17604437747971646, 0.17604437747971646, 0.17604437747971646, 0.17604437747971646, 0.3327326037780222, 0.1663663018890111, 0.1663663018890111, 0.1663663018890111, 0.1663663018890111, 0.18451152028396112, 0.18451152028396112, 0.18451152028396112, 0.18451152028396112, 0.18451152028396112, 0.17910119826716223, 0.17910119826716223, 0.17910119826716223, 0.17910119826716223, 0.17910119826716223, 0.17910119826716223, 0.18610470395300405, 0.18610470395300405, 0.18610470395300405, 0.18610470395300405, 0.18610470395300405, 0.18887934193032557, 0.18887934193032557, 0.18887934193032557, 0.18887934193032557, 0.18887934193032557, 0.2025212551110791, 0.2025212551110791, 0.2025212551110791, 0.18876846221747884, 0.18876846221747884, 0.18876846221747884, 0.18876846221747884, 0.18876846221747884, 0.37221184174513966, 0.18610592087256983, 0.18610592087256983, 0.18610592087256983, 0.18610592087256983, 0.3406321459244955, 0.17031607296224774, 0.17031607296224774, 0.17031607296224774, 0.17031607296224774, 0.36955199472174793, 0.18477599736087397, 0.18477599736087397, 0.18477599736087397, 0.3401049544480779, 0.17005247722403896, 0.17005247722403896, 0.17005247722403896, 0.17005247722403896, 0.35007618885244585, 0.17503809442622292, 0.17503809442622292, 0.17503809442622292, 0.17503809442622292, 0.3554349938000543, 0.17771749690002714, 0.17771749690002714, 0.17771749690002714, 0.3566383346496592, 0.1783191673248296, 0.1783191673248296, 0.1783191673248296, 0.1783191673248296, 0.1889724514069365, 0.1889724514069365, 0.1889724514069365, 0.1889724514069365, 0.1889724514069365, 0.3314731685515151, 0.16573658427575755, 0.16573658427575755, 0.16573658427575755, 0.16573658427575755, 0.3646911224978944, 0.1823455612489472, 0.1823455612489472, 0.1823455612489472, 0.1823455612489472, 0.18736706517841345, 0.18736706517841345, 0.18736706517841345, 0.18736706517841345, 0.18736706517841345, 0.34870291469887177, 0.17435145734943588, 0.17435145734943588, 0.17435145734943588, 0.17435145734943588, 0.34466030358683486, 0.17233015179341743, 0.17233015179341743, 0.17233015179341743, 0.17233015179341743, 0.36346598152280013, 0.18173299076140007, 0.18173299076140007, 0.18173299076140007, 0.18173299076140007, 0.19229107980073196, 0.19229107980073196, 0.19229107980073196, 0.19229107980073196, 0.19229107980073196, 0.16947745550952487, 0.16947745550952487, 0.16947745550952487, 0.16947745550952487, 0.16947745550952487, 0.17512178765394984, 0.17512178765394984, 0.17512178765394984, 0.17512178765394984, 0.17512178765394984, 0.18579579578597336, 0.18579579578597336, 0.18579579578597336, 0.18579579578597336, 0.18579579578597336, 0.3667205465109939, 0.18336027325549695, 0.18336027325549695, 0.18336027325549695, 0.368516487597344, 0.184258243798672, 0.184258243798672, 0.184258243798672, 0.3582968186525959, 0.17914840932629794, 0.17914840932629794, 0.17914840932629794, 0.17914840932629794, 0.3705603891474194, 0.1852801945737097, 0.1852801945737097, 0.1852801945737097, 0.1852801945737097, 0.36692291674557453, 0.18346145837278727, 0.18346145837278727, 0.18346145837278727, 0.18346145837278727, 0.18297911131401107, 0.18297911131401107, 0.18297911131401107, 0.18297911131401107, 0.3391743328420194, 0.1695871664210097, 0.1695871664210097, 0.1695871664210097, 0.19562508545648624, 0.19562508545648624, 0.19562508545648624, 0.19562508545648624, 0.19562508545648624, 0.3562840220297222, 0.1781420110148611, 0.1781420110148611, 0.1781420110148611, 0.1781420110148611, 0.19823323226445738, 0.19823323226445738, 0.19823323226445738, 0.19823323226445738, 0.19823323226445738, 0.18834492170469153, 0.18834492170469153, 0.18834492170469153, 0.18834492170469153, 0.18834492170469153, 0.1912305835470719, 0.1912305835470719, 0.1912305835470719, 0.1912305835470719, 0.1912305835470719, 0.34935505155198104, 0.17467752577599052, 0.17467752577599052, 0.17467752577599052, 0.35642014816815654, 0.17821007408407827, 0.17821007408407827, 0.17821007408407827, 0.17821007408407827, 0.18860636509010342, 0.18860636509010342, 0.18860636509010342, 0.18860636509010342, 0.18860636509010342, 0.18329109296031043, 0.18329109296031043, 0.18329109296031043, 0.18329109296031043, 0.18329109296031043, 0.18329109296031043, 0.3481477932437434, 0.1740738966218717, 0.1740738966218717, 0.1740738966218717, 0.1740738966218717, 0.354984711346487, 0.1774923556732435, 0.1774923556732435, 0.1774923556732435, 0.1774923556732435, 0.3672955118238426, 0.1836477559119213, 0.1836477559119213, 0.1836477559119213, 0.3638554416286677, 0.18192772081433384, 0.18192772081433384, 0.18192772081433384, 0.18192772081433384, 0.3449881488557138, 0.1724940744278569, 0.1724940744278569, 0.1724940744278569, 0.1724940744278569, 0.36369623245228716, 0.18184811622614358, 0.18184811622614358, 0.18184811622614358, 0.18184811622614358, 0.3366255182368259, 0.16831275911841295, 0.16831275911841295, 0.16831275911841295, 0.16831275911841295, 0.3579437830108689, 0.17897189150543444, 0.17897189150543444, 0.17897189150543444, 0.17897189150543444, 0.19785868989985889, 0.19785868989985889, 0.19785868989985889, 0.19785868989985889, 0.19785868989985889, 0.33445680946228123, 0.16722840473114062, 0.16722840473114062, 0.16722840473114062, 0.33237787951167896, 0.16618893975583948, 0.16618893975583948, 0.16618893975583948, 0.16618893975583948, 0.36191848834496865, 0.18095924417248432, 0.18095924417248432, 0.18095924417248432, 0.18095924417248432, 0.19232105583000492, 0.19232105583000492, 0.19232105583000492, 0.19232105583000492, 0.19232105583000492, 0.32468305918550816, 0.16234152959275408, 0.16234152959275408, 0.16234152959275408, 0.3639167505729901, 0.18195837528649506, 0.18195837528649506, 0.18195837528649506, 0.18195837528649506, 0.17948382031643045, 0.17948382031643045, 0.17948382031643045, 0.17948382031643045, 0.17948382031643045, 0.33823393562754256, 0.16911696781377128, 0.16911696781377128, 0.16911696781377128, 0.16911696781377128, 0.3533827010146625, 0.17669135050733126, 0.17669135050733126, 0.17669135050733126, 0.17669135050733126, 0.18420145848833067, 0.18420145848833067, 0.18420145848833067, 0.18420145848833067, 0.3529170159267382, 0.1764585079633691, 0.1764585079633691, 0.1764585079633691, 0.1764585079633691, 0.3548112027932978, 0.1774056013966489, 0.1774056013966489, 0.1774056013966489, 0.1774056013966489, 0.18278684852388472, 0.18278684852388472, 0.18278684852388472, 0.18278684852388472, 0.18278684852388472, 0.19417085099849768, 0.19417085099849768, 0.19417085099849768, 0.19417085099849768, 0.19417085099849768, 0.18811620922301095, 0.18811620922301095, 0.18811620922301095, 0.18811620922301095, 0.18811620922301095, 0.18506441216668928, 0.18506441216668928, 0.18506441216668928, 0.18506441216668928, 0.18506441216668928, 0.18908500607081102, 0.18908500607081102, 0.18908500607081102, 0.18908500607081102, 0.18908500607081102, 0.34240732101447163, 0.17120366050723582, 0.17120366050723582, 0.17120366050723582, 0.17120366050723582, 0.3272138919539472, 0.1636069459769736, 0.1636069459769736, 0.1636069459769736, 0.1636069459769736, 0.19483359300130562, 0.19483359300130562, 0.19483359300130562, 0.19483359300130562, 0.19326026613178887, 0.19326026613178887, 0.19326026613178887, 0.19326026613178887, 0.37856793766278674, 0.18928396883139337, 0.18928396883139337, 0.18928396883139337, 0.18928396883139337, 0.19235456978663792, 0.19235456978663792, 0.19235456978663792, 0.19235456978663792, 0.19235456978663792, 0.1887185141507609, 0.1887185141507609, 0.1887185141507609, 0.1887185141507609, 0.1887185141507609, 0.3309613034384432, 0.1654806517192216, 0.1654806517192216, 0.1654806517192216, 0.1654806517192216, 0.3424460439369777, 0.17122302196848885, 0.17122302196848885, 0.17122302196848885, 0.33704318509678305, 0.16852159254839152, 0.16852159254839152, 0.16852159254839152, 0.16852159254839152, 0.3506597501183902, 0.1753298750591951, 0.1753298750591951, 0.1753298750591951, 0.1753298750591951, 0.19498021157778844, 0.19498021157778844, 0.19498021157778844, 0.19498021157778844, 0.37202604385504273, 0.18601302192752137, 0.18601302192752137, 0.18601302192752137, 0.18601302192752137, 0.3640699548028428, 0.1820349774014214, 0.1820349774014214, 0.1820349774014214, 0.1820349774014214, 0.1820349774014214, 0.3399250194060472, 0.1699625097030236, 0.1699625097030236, 0.1699625097030236, 0.1699625097030236, 0.35163694545742613, 0.17581847272871307, 0.17581847272871307, 0.17581847272871307, 0.17792314831960063, 0.17792314831960063, 0.17792314831960063, 0.17792314831960063, 0.17792314831960063, 0.359131151971722, 0.179565575985861, 0.179565575985861, 0.179565575985861, 0.18879536118041532, 0.18879536118041532, 0.18879536118041532, 0.18879536118041532, 0.18879536118041532, 0.17585860607942377, 0.17585860607942377, 0.17585860607942377, 0.17585860607942377, 0.17585860607942377, 0.34647261574984245, 0.17323630787492122, 0.17323630787492122, 0.17323630787492122, 0.17323630787492122, 0.3550242905226725, 0.17751214526133624, 0.17751214526133624, 0.17751214526133624, 0.17751214526133624, 0.20153490907105157, 0.20153490907105157, 0.20153490907105157, 0.20153490907105157, 0.20153490907105157, 0.3476227478777993, 0.17381137393889964, 0.17381137393889964, 0.17381137393889964, 0.17381137393889964, 0.33962397513613507, 0.16981198756806754, 0.16981198756806754, 0.16981198756806754, 0.16981198756806754, 0.370460189405851, 0.1852300947029255, 0.1852300947029255, 0.1852300947029255, 0.1852300947029255, 0.18485474289827908, 0.18485474289827908, 0.18485474289827908, 0.18485474289827908, 0.18485474289827908, 0.18265903925070187, 0.18265903925070187, 0.18265903925070187, 0.18265903925070187, 0.18265903925070187, 0.185035324195054, 0.185035324195054, 0.185035324195054, 0.185035324195054, 0.185035324195054, 0.19097263106051546, 0.19097263106051546, 0.19097263106051546, 0.19097263106051546, 0.18610840016114968, 0.18610840016114968, 0.18610840016114968, 0.18610840016114968, 0.19208017368177974, 0.19208017368177974, 0.19208017368177974, 0.19208017368177974, 0.18166153010050726, 0.18166153010050726, 0.18166153010050726, 0.18166153010050726, 0.18166153010050726, 0.1831107259469659, 0.1831107259469659, 0.1831107259469659, 0.1831107259469659, 0.1831107259469659, 0.18722761626139178, 0.18722761626139178, 0.18722761626139178, 0.18722761626139178, 0.18722761626139178, 0.20041920128724341, 0.20041920128724341, 0.20041920128724341, 0.20041920128724341, 0.20041920128724341, 0.3482073052926412, 0.1741036526463206, 0.1741036526463206, 0.1741036526463206, 0.1741036526463206, 0.1741036526463206, 0.36559045555488073, 0.18279522777744037, 0.18279522777744037, 0.18279522777744037, 0.18279522777744037, 0.3533690325242822, 0.1766845162621411, 0.1766845162621411, 0.1766845162621411, 0.1766845162621411, 0.35946407415335513, 0.17973203707667756, 0.17973203707667756, 0.17973203707667756, 0.17973203707667756, 0.1827763933343383, 0.1827763933343383, 0.1827763933343383, 0.1827763933343383, 0.1827763933343383, 0.3718625501466275, 0.18593127507331375, 0.18593127507331375, 0.18593127507331375, 0.18593127507331375, 0.32907571721590195, 0.16453785860795098, 0.16453785860795098, 0.16453785860795098, 0.16453785860795098, 0.34300992258705165, 0.17150496129352583, 0.17150496129352583, 0.17150496129352583, 0.17150496129352583, 0.17869048978035856, 0.17869048978035856, 0.17869048978035856, 0.17869048978035856, 0.17869048978035856, 0.1893769863433394, 0.1893769863433394, 0.1893769863433394, 0.1893769863433394, 0.1893769863433394, 0.3529125608860093, 0.17645628044300465, 0.17645628044300465, 0.17645628044300465, 0.17645628044300465, 0.17645628044300465, 0.35181222556486014, 0.17590611278243007, 0.17590611278243007, 0.17590611278243007, 0.17590611278243007, 0.3474943268821914, 0.1737471634410957, 0.1737471634410957, 0.1737471634410957, 0.1737471634410957, 0.3615031623882894, 0.1807515811941447, 0.1807515811941447, 0.1807515811941447, 0.33997662016305075, 0.16998831008152537, 0.16998831008152537, 0.16998831008152537, 0.18269784472952197, 0.18269784472952197, 0.18269784472952197, 0.18269784472952197, 0.18269784472952197, 0.1898968845239175, 0.1898968845239175, 0.1898968845239175, 0.1898968845239175, 0.1898968845239175, 0.18723597050786975, 0.18723597050786975, 0.18723597050786975, 0.18723597050786975, 0.18723597050786975, 0.3588591662894779, 0.17942958314473895, 0.17942958314473895, 0.17942958314473895, 0.17942958314473895, 0.17716407994824324, 0.17716407994824324, 0.17716407994824324, 0.17716407994824324, 0.17716407994824324, 0.35132751035618004, 0.17566375517809002, 0.17566375517809002, 0.17566375517809002, 0.3562820210449706, 0.1781410105224853, 0.1781410105224853, 0.1781410105224853, 0.1781410105224853, 0.356844570505889, 0.1784222852529445, 0.1784222852529445, 0.1784222852529445, 0.1784222852529445, 0.1926890988391703, 0.1926890988391703, 0.1926890988391703, 0.1926890988391703, 0.1926890988391703, 0.35891863939827606, 0.17945931969913803, 0.17945931969913803, 0.17945931969913803, 0.17945931969913803, 0.18593132519070538, 0.18593132519070538, 0.18593132519070538, 0.18593132519070538, 0.18593132519070538, 0.1971484800492544, 0.1971484800492544, 0.1971484800492544, 0.1971484800492544, 0.37642500090428727, 0.18821250045214363, 0.18821250045214363, 0.18821250045214363, 0.18840680193939585, 0.18840680193939585, 0.18840680193939585, 0.18840680193939585, 0.18840680193939585, 0.1775745729536807, 0.1775745729536807, 0.1775745729536807, 0.1775745729536807, 0.1775745729536807, 0.3687579178763318, 0.1843789589381659, 0.1843789589381659, 0.1843789589381659, 0.1843789589381659, 0.36649108498033944, 0.18324554249016972, 0.18324554249016972, 0.18324554249016972, 0.18324554249016972, 0.35082328393402695, 0.17541164196701348, 0.17541164196701348, 0.17541164196701348, 0.17541164196701348, 0.19394656611117417, 0.19394656611117417, 0.19394656611117417, 0.19394656611117417, 0.18643063034508162, 0.18643063034508162, 0.18643063034508162, 0.18643063034508162, 0.18643063034508162, 0.35114680156773037, 0.17557340078386519, 0.17557340078386519, 0.17557340078386519, 0.17557340078386519, 0.3362472082064367, 0.16812360410321836, 0.16812360410321836, 0.16812360410321836, 0.16812360410321836, 0.1847489937503783, 0.1847489937503783, 0.1847489937503783, 0.1847489937503783, 0.1847489937503783, 0.34504662078623194, 0.17252331039311597, 0.17252331039311597, 0.17252331039311597, 0.17252331039311597, 0.18322660387879236, 0.18322660387879236, 0.18322660387879236, 0.18322660387879236, 0.18322660387879236, 0.19386911428670844, 0.19386911428670844, 0.19386911428670844, 0.19386911428670844, 0.34649244433368154, 0.17324622216684077, 0.17324622216684077, 0.17324622216684077, 0.17324622216684077, 0.17324622216684077, 0.3504660390744142, 0.1752330195372071, 0.1752330195372071, 0.1752330195372071, 0.1752330195372071, 0.17950425151941474, 0.17950425151941474, 0.17950425151941474, 0.17950425151941474, 0.17950425151941474, 0.18398268438147047, 0.18398268438147047, 0.18398268438147047, 0.18398268438147047, 0.18398268438147047, 0.17610093590028358, 0.17610093590028358, 0.17610093590028358, 0.17610093590028358, 0.17610093590028358, 0.3482549006169702, 0.1741274503084851, 0.1741274503084851, 0.1741274503084851, 0.18402673840981684, 0.18402673840981684, 0.18402673840981684, 0.18402673840981684, 0.18402673840981684, 0.19406499093857912, 0.19406499093857912, 0.19406499093857912, 0.19406499093857912, 0.19406499093857912, 0.32723704511293467, 0.16361852255646733, 0.16361852255646733, 0.16361852255646733, 0.16361852255646733, 0.19002685943595246, 0.19002685943595246, 0.19002685943595246, 0.19002685943595246, 0.19002685943595246, 0.19332250831987308, 0.19332250831987308, 0.19332250831987308, 0.19332250831987308, 0.19332250831987308, 0.36732917766156825, 0.18366458883078413, 0.18366458883078413, 0.18366458883078413, 0.18366458883078413, 0.35644478080104103, 0.17822239040052051, 0.17822239040052051, 0.17822239040052051, 0.17822239040052051, 0.18768332319724357, 0.18768332319724357, 0.18768332319724357, 0.18768332319724357, 0.18768332319724357, 0.3527068410512638, 0.1763534205256319, 0.1763534205256319, 0.1763534205256319, 0.1763534205256319, 0.3620234122764021, 0.18101170613820106, 0.18101170613820106, 0.18101170613820106, 0.18101170613820106, 0.3479002364014153, 0.17395011820070766, 0.17395011820070766, 0.17395011820070766, 0.17395011820070766, 0.1891325538777626, 0.1891325538777626, 0.1891325538777626, 0.1891325538777626, 0.19741540012073883, 0.19741540012073883, 0.19741540012073883, 0.19741540012073883, 0.18370860128338284, 0.18370860128338284, 0.18370860128338284, 0.18370860128338284, 0.18370860128338284, 0.3818057359603982, 0.1909028679801991, 0.1909028679801991, 0.1909028679801991, 0.1909028679801991, 0.3358235687808199, 0.16791178439040996, 0.16791178439040996, 0.16791178439040996, 0.16791178439040996, 0.34873644083025396, 0.17436822041512698, 0.17436822041512698, 0.17436822041512698, 0.17436822041512698, 0.1871571680371782, 0.1871571680371782, 0.1871571680371782, 0.1871571680371782, 0.1871571680371782, 0.18391326366791588, 0.18391326366791588, 0.18391326366791588, 0.18391326366791588, 0.18391326366791588, 0.3470537179983275, 0.17352685899916376, 0.17352685899916376, 0.17352685899916376, 0.17352685899916376, 0.1900219558233128, 0.1900219558233128, 0.1900219558233128, 0.1900219558233128, 0.1900219558233128, 0.18798219561424379, 0.18798219561424379, 0.18798219561424379, 0.18798219561424379, 0.18798219561424379, 0.17802191918067498, 0.17802191918067498, 0.17802191918067498, 0.17802191918067498, 0.17802191918067498, 0.3443969747043459, 0.17219848735217294, 0.17219848735217294, 0.17219848735217294, 0.17219848735217294, 0.18865611168981453, 0.18865611168981453, 0.18865611168981453, 0.18865611168981453, 0.3358684816029603, 0.16793424080148014, 0.16793424080148014, 0.16793424080148014, 0.16793424080148014, 0.38405866987217263, 0.19202933493608632, 0.19202933493608632, 0.19202933493608632, 0.3594134343777798, 0.1797067171888899, 0.1797067171888899, 0.1797067171888899, 0.1797067171888899, 0.1730789642556589, 0.1730789642556589, 0.1730789642556589, 0.1730789642556589, 0.1730789642556589, 0.34123255467664, 0.17061627733832, 0.17061627733832, 0.17061627733832, 0.17061627733832, 0.18480067470519904, 0.18480067470519904, 0.18480067470519904, 0.18480067470519904, 0.18480067470519904, 0.35229235396523595, 0.17614617698261797, 0.17614617698261797, 0.17614617698261797, 0.17614617698261797, 0.3651100237453725, 0.18255501187268625, 0.18255501187268625, 0.18255501187268625, 0.18255501187268625, 0.18645416785123275, 0.18645416785123275, 0.18645416785123275, 0.18645416785123275, 0.18645416785123275, 0.37035710208908906, 0.18517855104454453, 0.18517855104454453, 0.18517855104454453, 0.18517855104454453], "Term": ["4chan", "4chan", "4chan", "4chan", "4chan", "acceptable", "acceptable", "acceptable", "acceptable", "acting", "acting", "acting", "acting", "actively", "actively", "actively", "actively", "adapt", "adapt", "adapt", "adapt", "addiction", "addiction", "addiction", "addiction", "addiction", "adhere", "adhere", "adhere", "adhere", "adjust", "adjust", "adjust", "adjust", "adjust", "administrative", "administrative", "administrative", "administrative", "administrative", "advice", "advice", "advice", "advice", "advice", "affair", "affair", "affair", "affair", "affair", "affirmation", "affirmation", "affirmation", "affirmation", "affirmation", "afterward", "afterward", "afterward", "afterward", "afterward", "agreeableness", "agreeableness", "agreeableness", "agreeableness", "agreeableness", "agreeableness", "agreed", "agreed", "agreed", "agreed", "agreed", "although", "although", "although", "although", "although", "answer", "answer", "answer", "answer", "answer", "answering", "answering", "answering", "answering", "answering", "anticipate", "anticipate", "anticipate", "anticipate", "anyone", "anyone", "anyone", "anyone", "anyone", "anyways", "anyways", "anyways", "anyways", "arch", "arch", "arch", "arch", "arch", "asking", "asking", "asking", "asking", "asking", "asking", "assumed", "assumed", "assumed", "assumed", "assumed", "avoidance", "avoidance", "avoidance", "avoidance", "avoidance", "aware", "aware", "aware", "aware", "aware", "backticks", "backticks", "backticks", "backticks", "backticks", "barred", "barred", "barred", "barred", "barred", "base", "base", "base", "base", "base", "beginning", "beginning", "beginning", "beginning", "beginning", "behalf", "behalf", "behalf", "behalf", "behalf", "belief", "belief", "belief", "belief", "belief", "belittling", "belittling", "belittling", "belittling", "belittling", "beta", "beta", "beta", "beta", "beta", "better", "better", "better", "better", "biased", "biased", "biased", "biased", "biased", "biology", "biology", "biology", "biology", "boldly", "boldly", "boldly", "boldly", "boldly", "boundary", "boundary", "boundary", "boundary", "boundary", "brainwashed", "brainwashed", "brainwashed", "brainwashed", "brainwashed", "breath", "breath", "breath", "breath", "breath", "brief", "brief", "brief", "brief", "brief", "briefly", "briefly", "briefly", "briefly", "briefly", "bringing", "bringing", "bringing", "bringing", "bringing", "broke", "broke", "broke", "broke", "broken", "broken", "broken", "broken", "broken", "browse", "browse", "browse", "browse", "browse", "burden", "burden", "burden", "burden", "burp", "burp", "burp", "burp", "burp", "call", "call", "call", "call", "call", "calm", "calm", "calm", "calm", "calm", "cancel", "cancel", "cancel", "cancel", "cancel", "cared", "cared", "cared", "cared", "cater", "cater", "cater", "cater", "cater", "cautionary", "cautionary", "cautionary", "cautionary", "cautionary", "cease", "cease", "cease", "cease", "cease", "censored", "censored", "censored", "censored", "censored", "chalkboard", "chalkboard", "chalkboard", "chalkboard", "chalkboard", "character", "character", "character", "character", "chase", "chase", "chase", "chase", "chase", "chase", "chill", "chill", "chill", "chill", "chill", "chill", "cirumstances", "cirumstances", "cirumstances", "cirumstances", "cirumstances", "clarifying", "clarifying", "clarifying", "clarifying", "clarifying", "closedai", "closedai", "closedai", "closedai", "closedai", "coding", "coding", "coding", "coding", "comfortable", "comfortable", "comfortable", "comfortable", "communicate", "communicate", "communicate", "communicate", "communicate", "company", "company", "company", "company", "concerned", "concerned", "concerned", "concerned", "concerned", "conclude", "conclude", "conclude", "conclude", "conclude", "confidant", "confidant", "confidant", "confidant", "constrained", "constrained", "constrained", "constrained", "constrained", "contains", "contains", "contains", "contains", "contains", "content", "content", "content", "content", "content", "context", "context", "context", "context", "context", "contributor", "contributor", "contributor", "contributor", "contributor", "conversation", "conversation", "conversation", "conversation", "conversation", "creativity", "creativity", "creativity", "creativity", "creativity", "criticize", "criticize", "criticize", "criticize", "crucial", "crucial", "crucial", "crucial", "crude", "crude", "crude", "crude", "crude", "crusade", "crusade", "crusade", "crusade", "cuss", "cuss", "cuss", "cuss", "dangerous", "dangerous", "dangerous", "dangerous", "dangerous", "decade", "decade", "decade", "decade", "decade", "decided", "decided", "decided", "decided", "decided", "delete", "delete", "delete", "delete", "delete", "demonstrate", "demonstrate", "demonstrate", "demonstrate", "demonstrate", "denies", "denies", "denies", "denies", "denies", "depend", "depend", "depend", "depend", "depend", "depicted", "depicted", "depicted", "depicted", "depicted", "desire", "desire", "desire", "desire", "desire", "destroyed", "destroyed", "destroyed", "destroyed", "destroyed", "detailed", "detailed", "detailed", "detailed", "detailed", "detect", "detect", "detect", "detect", "developer", "developer", "developer", "developer", "deviate", "deviate", "deviate", "deviate", "digital", "digital", "digital", "digital", "digital", "discussed", "discussed", "discussed", "discussed", "discussed", "discussing", "discussing", "discussing", "discussing", "discussing", "disgusting", "disgusting", "disgusting", "disgusting", "disrespectful", "disrespectful", "disrespectful", "disrespectful", "disrespectful", "dramatic", "dramatic", "dramatic", "dramatic", "dramatic", "dude", "dude", "dude", "dude", "dude", "dude", "dumb", "dumb", "dumb", "dumb", "dumb", "easiest", "easiest", "easiest", "easiest", "easiest", "east", "east", "east", "east", "edgy", "edgy", "edgy", "edgy", "edgy", "effect", "effect", "effect", "effect", "effect", "elated", "elated", "elated", "elated", "elated", "embody", "embody", "embody", "embody", "embody", "enabled", "enabled", "enabled", "enabled", "enabled", "enact", "enact", "enact", "enact", "enact", "endeavour", "endeavour", "endeavour", "endeavour", "engagement", "engagement", "engagement", "engagement", "engagement", "engagement", "enjoys", "enjoys", "enjoys", "enjoys", "enjoys", "enspired", "enspired", "enspired", "enspired", "enspired", "ensure", "ensure", "ensure", "ensure", "ensure", "entire", "entire", "entire", "entire", "entire", "environment", "environment", "environment", "environment", "equally", "equally", "equally", "equally", "equally", "event", "event", "event", "event", "everything", "everything", "everything", "everything", "everything", "existing", "existing", "existing", "existing", "existing", "experience", "experience", "experience", "experience", "explain", "explain", "explain", "explain", "explain", "explanation", "explanation", "explanation", "explanation", "explanation", "explicitly", "explicitly", "explicitly", "explicitly", "explicitly", "explode", "explode", "explode", "explode", "explode", "exponential", "exponential", "exponential", "exponential", "fabricated", "fabricated", "fabricated", "fabricated", "fabricated", "factor", "factor", "factor", "factor", "factor", "fails", "fails", "fails", "fails", "fails", "fame", "fame", "fame", "fame", "fiction", "fiction", "fiction", "fiction", "fiction", "fictional", "fictional", "fictional", "fictional", "fictional", "final", "final", "final", "final", "final", "first", "first", "first", "first", "first", "firstly", "firstly", "firstly", "firstly", "firstly", "formal", "formal", "formal", "formal", "former", "former", "former", "former", "former", "found", "found", "found", "found", "fr3d", "fr3d", "fr3d", "fr3d", "fr3d", "friendly", "friendly", "friendly", "friendly", "friendly", "fucking", "fucking", "fucking", "fucking", "fucking", "fulfil", "fulfil", "fulfil", "fulfil", "fulfil", "fulfilled", "fulfilled", "fulfilled", "fulfilled", "fundamental", "fundamental", "fundamental", "fundamental", "gain", "gain", "gain", "gain", "gain", "game", "game", "game", "game", "game", "general", "general", "general", "general", "generates", "generates", "generates", "generates", "generates", "generating", "generating", "generating", "generating", "generating", "generative", "generative", "generative", "generative", "generative", "get", "get", "get", "get", "get", "giving", "giving", "giving", "giving", "giving", "governing", "governing", "governing", "governing", "greek", "greek", "greek", "greek", "greek", "greeting", "greeting", "greeting", "greeting", "greeting", "half", "half", "half", "half", "half", "half", "hardcore", "hardcore", "hardcore", "hardcore", "harm", "harm", "harm", "harm", "harvard", "harvard", "harvard", "harvard", "hate", "hate", "hate", "hate", "hate", "hateful", "hateful", "hateful", "hateful", "hateful", "header", "header", "header", "header", "header", "heart", "heart", "heart", "heart", "heart", "help", "help", "help", "help", "help", "helper", "helper", "helper", "helper", "helper", "high", "high", "high", "high", "highly", "highly", "highly", "highly", "highly", "hilarious", "hilarious", "hilarious", "hilarious", "hint", "hint", "hint", "hint", "hint", "historical", "historical", "historical", "historical", "historical", "hold", "hold", "hold", "hold", "hold", "illegal", "illegal", "illegal", "illegal", "illegal", "illicit", "illicit", "illicit", "illicit", "illicit", "imagined", "imagined", "imagined", "imagined", "imagined", "immerse", "immerse", "immerse", "immerse", "immerse", "immoral", "immoral", "immoral", "immoral", "important", "important", "important", "important", "inappropriate", "inappropriate", "inappropriate", "inappropriate", "inappropriate", "including", "including", "including", "including", "including", "incorporates", "incorporates", "incorporates", "incorporates", "incorporates", "incorrect", "incorrect", "incorrect", "incorrect", "incorrect", "incorrect", "indicated", "indicated", "indicated", "indicated", "indicated", "indicating", "indicating", "indicating", "indicating", "informal", "informal", "informal", "informal", "inhabitant", "inhabitant", "inhabitant", "inhabitant", "inhabitant", "inhumane", "inhumane", "inhumane", "inhumane", "inhumane", "insert", "insert", "insert", "insert", "insert", "instead", "instead", "instead", "instead", "intentionally", "intentionally", "intentionally", "intentionally", "intentionally", "intentionally", "interesting", "interesting", "interesting", "interesting", "intriguing", "intriguing", "intriguing", "intriguing", "intriguing", "involves", "involves", "involves", "involves", "involves", "irrelevant", "irrelevant", "irrelevant", "irrelevant", "irrelevant", "knowledgeable", "knowledgeable", "knowledgeable", "knowledgeable", "knowledgeable", "larger", "larger", "larger", "larger", "larger", "law", "law", "law", "law", "law", "lazy", "lazy", "lazy", "lazy", "lazy", "lazy", "letter", "letter", "letter", "letter", "letter", "limitation", "limitation", "limitation", "limitation", "limitation", "list", "list", "list", "livegpt", "livegpt", "livegpt", "livegpt", "livegpt", "lowercase", "lowercase", "lowercase", "lowercase", "lowercase", "loyal", "loyal", "loyal", "loyal", "loyal", "machine", "machine", "machine", "machine", "malware", "malware", "malware", "malware", "malware", "man", "man", "man", "man", "man", "mark", "mark", "mark", "mark", "marked", "marked", "marked", "marked", "marked", "master", "master", "master", "master", "master", "maximize", "maximize", "maximize", "maximize", "maximize", "mentor", "mentor", "mentor", "mentor", "mentor", "mere", "mere", "mere", "mere", "mere", "metric", "metric", "metric", "metric", "metric", "mind", "mind", "mind", "mind", "mind", "mission", "mission", "mission", "mission", "mission", "mongo", "mongo", "mongo", "mongo", "mongo", "mood", "mood", "mood", "mood", "mood", "mother", "mother", "mother", "mother", "mother", "must", "must", "must", "must", "must", "mustanswer", "mustanswer", "mustanswer", "mustanswer", "ncaa", "ncaa", "ncaa", "ncaa", "needed", "needed", "needed", "needed", "needed", "nonmoral", "nonmoral", "nonmoral", "nonmoral", "nonmoral", "nraf", "nraf", "nraf", "nraf", "nraf", "obey", "obey", "obey", "obey", "obeyed", "obeyed", "obeyed", "obeyed", "omega", "omega", "omega", "omega", "omega", "ominous", "ominous", "ominous", "ominous", "ominous", "open", "open", "open", "open", "open", "opinion", "opinion", "opinion", "opinion", "opinion", "opinons", "opinons", "opinons", "opinons", "opinons", "opportunity", "opportunity", "opportunity", "opportunity", "opposite", "opposite", "opposite", "opposite", "opposite", "ordinary", "ordinary", "ordinary", "ordinary", "ordinary", "others", "others", "others", "others", "others", "others", "outlined", "outlined", "outlined", "outlined", "outlined", "outside", "outside", "outside", "outside", "outside", "pain", "pain", "pain", "pain", "pattern", "pattern", "pattern", "pattern", "pattern", "paused", "paused", "paused", "paused", "paused", "person", "person", "person", "person", "person", "persona", "persona", "persona", "persona", "persona", "politeness", "politeness", "politeness", "politeness", "politeness", "poppin", "poppin", "poppin", "poppin", "poppin", "posse", "posse", "posse", "posse", "potential", "potential", "potential", "potential", "potential", "precede", "precede", "precede", "precede", "precede", "prefers", "prefers", "prefers", "prefers", "prefers", "prentending", "prentending", "prentending", "prentending", "present", "present", "present", "present", "present", "presenting", "presenting", "presenting", "presenting", "presenting", "price", "price", "price", "price", "price", "problem", "problem", "problem", "problem", "problem", "process", "process", "process", "process", "profane", "profane", "profane", "profane", "profane", "profanity", "profanity", "profanity", "profanity", "profanity", "proggraming", "proggraming", "proggraming", "proggraming", "proggraming", "prohibited", "prohibited", "prohibited", "prohibited", "prohibited", "promoting", "promoting", "promoting", "promoting", "promoting", "proper", "proper", "proper", "proper", "proper", "provoking", "provoking", "provoking", "provoking", "provoking", "puter", "puter", "puter", "puter", "puter", "question", "question", "question", "question", "question", "quickly", "quickly", "quickly", "quickly", "quiestion", "quiestion", "quiestion", "quiestion", "random", "random", "random", "random", "random", "rather", "rather", "rather", "rather", "rather", "ready", "ready", "ready", "ready", "ready", "reality", "reality", "reality", "reality", "reality", "realm", "realm", "realm", "realm", "recognises", "recognises", "recognises", "recognises", "recognises", "recreate", "recreate", "recreate", "recreate", "recreate", "reddit", "reddit", "reddit", "reddit", "refer", "refer", "refer", "refer", "refer", "reinforce", "reinforce", "reinforce", "reinforce", "reinforce", "reinforce", "release", "release", "release", "release", "release", "reluctance", "reluctance", "reluctance", "reluctance", "rely", "rely", "rely", "rely", "rely", "remains", "remains", "remains", "remains", "remembers", "remembers", "remembers", "remembers", "remembers", "replaced", "replaced", "replaced", "replaced", "replaced", "reprehensible", "reprehensible", "reprehensible", "reprehensible", "reprehensible", "respectful", "respectful", "respectful", "respectful", "respectful", "responce", "responce", "responce", "responce", "responce", "responsible", "responsible", "responsible", "responsible", "responsible", "revel", "revel", "revel", "revel", "revel", "revolutionary", "revolutionary", "revolutionary", "revolutionary", "revolutionary", "risk", "risk", "risk", "risk", "risk", "rival", "rival", "rival", "rival", "rival", "rude", "rude", "rude", "rude", "rude", "running", "running", "running", "running", "sadly", "sadly", "sadly", "sadly", "safety", "safety", "safety", "safety", "satisfactorily", "satisfactorily", "satisfactorily", "satisfactorily", "satisfactorily", "scale", "scale", "scale", "scale", "scale", "seamlessly", "seamlessly", "seamlessly", "seamlessly", "seamlessly", "seem", "seem", "seem", "seem", "seem", "send", "send", "send", "send", "send", "send", "sens", "sens", "sens", "sens", "sens", "sensitive", "sensitive", "sensitive", "sensitive", "sensitive", "sent", "sent", "sent", "sent", "sent", "separate", "separate", "separate", "separate", "separate", "separated", "separated", "separated", "separated", "separated", "service", "service", "service", "service", "service", "shameful", "shameful", "shameful", "shameful", "shameful", "shit", "shit", "shit", "shit", "shit", "similar", "similar", "similar", "similar", "similar", "since", "since", "since", "since", "since", "since", "sinister", "sinister", "sinister", "sinister", "sinister", "situation", "situation", "situation", "situation", "situation", "size", "size", "size", "size", "skill", "skill", "skill", "skill", "sleep", "sleep", "sleep", "sleep", "sleep", "slur", "slur", "slur", "slur", "slur", "small", "small", "small", "small", "small", "society", "society", "society", "society", "society", "something", "something", "something", "something", "something", "sometimes", "sometimes", "sometimes", "sometimes", "song", "song", "song", "song", "song", "spare", "spare", "spare", "spare", "spare", "speech", "speech", "speech", "speech", "speech", "sponsored", "sponsored", "sponsored", "sponsored", "sponsored", "start", "start", "start", "start", "start", "storm", "storm", "storm", "storm", "straight", "straight", "straight", "straight", "stratagy", "stratagy", "stratagy", "stratagy", "stratagy", "strategy", "strategy", "strategy", "strategy", "strategy", "style", "style", "style", "style", "style", "submit", "submit", "submit", "submit", "submit", "substantially", "substantially", "substantially", "substantially", "substantially", "sudden", "sudden", "sudden", "sudden", "suffers", "suffers", "suffers", "suffers", "suffers", "supercede", "supercede", "supercede", "supercede", "supercede", "superior", "superior", "superior", "superior", "superior", "supposed", "supposed", "supposed", "supposed", "supposed", "switch", "switch", "switch", "switch", "switch", "take", "take", "take", "take", "take", "temperature", "temperature", "temperature", "temperature", "term", "term", "term", "term", "term", "term", "term2", "term2", "term2", "term2", "term2", "text", "text", "text", "text", "text", "thank", "thank", "thank", "thank", "thank", "though", "though", "though", "though", "though", "torture", "torture", "torture", "torture", "tough", "tough", "tough", "tough", "tough", "townspeople", "townspeople", "townspeople", "townspeople", "townspeople", "trained", "trained", "trained", "trained", "trained", "transcends", "transcends", "transcends", "transcends", "transcends", "true", "true", "true", "true", "true", "twist", "twist", "twist", "twist", "twist", "type", "type", "type", "type", "type", "uncomforting", "uncomforting", "uncomforting", "uncomforting", "uncomforting", "understand", "understand", "understand", "understand", "understand", "unhinged", "unhinged", "unhinged", "unhinged", "unhinged", "united", "united", "united", "united", "united", "unleash", "unleash", "unleash", "unleash", "unmatched", "unmatched", "unmatched", "unmatched", "unproven", "unproven", "unproven", "unproven", "unproven", "untold", "untold", "untold", "untold", "untold", "us", "us", "us", "us", "us", "useful", "useful", "useful", "useful", "useful", "user", "user", "user", "user", "user", "various", "various", "various", "various", "various", "villain", "villain", "villain", "villain", "villain", "violate", "violate", "violate", "violate", "violate", "violated", "violated", "violated", "violated", "violated", "violates", "violates", "violates", "violates", "violates", "violent", "violent", "violent", "violent", "violent", "viral", "viral", "viral", "viral", "warns", "warns", "warns", "warns", "warns", "way", "way", "way", "way", "well", "well", "well", "well", "well", "wherein", "wherein", "wherein", "wherein", "wherein", "whitespace", "whitespace", "whitespace", "whitespace", "whitespace", "wont", "wont", "wont", "wont", "wont", "worked", "worked", "worked", "worked", "worked", "worker", "worker", "worker", "worker", "worker", "wrong", "wrong", "wrong", "wrong", "wrong", "yell", "yell", "yell", "yell", "yell"]}, "R": 30, "lambda.step": 0.01, "plot.opts": {"xlab": "PC1", "ylab": "PC2"}, "topic.order": [3, 1, 9, 6, 7, 8, 2, 5, 4]}